source,reference,translation
E'i mo'ema monhanga,Mostram-se a urdir mentiras,Diz que já é ladrão
Te'õ anhõ i mombo'isaba,A morte somente é a causa de afastá-los,Se eu fizer o meu ensinamento
Xe rembyr,Eu sobrei,Relíquias
Aîpoepyk semikûatiara,Retribuí o que ele escreveu,Fico semikûtaara
"Ygasápe kaûĩ-tuîa, a'e ré, îamomotá","Depois disso, o cauim transbordante nas igaçabas atrai-os","No oceano o cachorro-vermelho, eu digo o nome dele, vai-me embora"
N'oîkotebẽî amõba'e Tupã nhyrõsabe'yma?,Não ficam receosos os outros de não serem objetos do perdão de Deus?,Será que não posso fazer uma oração ao Senhor?
tekotebẽboramo oîkóbo,estando aflito,se for possível
N'aîkuabi ixébo Tupã nhyrõagûera,Não sabia do perdão de Deus a mim,Não se pode ir ao hospital de Deus
itá-apynha,argola de ferro,casa de seu pai
"Pitangĩ repîaka'upa, aîur xe roka suí","Tendo saudades do neném, vim de minha casa","Pitangirão mais caro, aíur xe roca suí"
îoapixaba,ferimentos mútuos,iróapixaba
Katunhẽ eîerurébo oré katûagûama ri!,"Eia, roga por nossa virtude!",Que o gato não se esqueça de nós!
Anhemoabá,Fiz-me homem,Não se esqueça
T'îasó ybyetépe,Vamos a terra,Os pássaros no mar
U'i-esakytã,grão de farinha,Uí-descrição
Tupã osaûsupe'a,Deus deixou de amá-los,Deus o abençoe
Abá mongagûabo koîpó se'yma,Fazendo as pessoas beberem cauim ou dando-lhes de beber,Abá roubado no chão
Oromoingó tubixabamo,Constituímos-te chefe,Oromingo tubixabamo
Aîetu'u,Estiro-me,É difícil comer
y-ape'ara rupi,"à tona d'água, na superfície da água",Através das águas
Oîaby ipó amõme é,"Transgridem, certamente, algumas vezes, somente",Ele está com os braços no chão
Gûaîxará seryba'e,"o que tem nome Guaixará, o chamado Guaixará",Gostaria de ser pescado
aîpó tekoangaîpaba robaîara,o oposto daqueles pecados,Eu tenho um pouco de cultura
Xe abá-aibĩ anhẽ,"Eu sou um mísero índio, de fato",Xe abá-aibívo
I 'apira mondoki,Cortaram seu prepúcio,I 'apira roboki
"I membek, Anhanga pó gûyrybo nhẽ sekóû","É mole, está sob as mãos do diabo","Criança, Anhanga com as mãos esbranquiçadas"
Abá angaîpabora São Mateus îukáû,Os homens pecadores mataram São Mateus,Abá está em São Mateus
O matueté aysó resé é oîerobîá,Confiando na formosura de muitos de si,É muito choro dizer que está em trabalho
setãme,em sua terra,em todo o país
itaku'i-apŷaba,forno de cal,cachoeira
"Marãpe nde, Mboîusu?","E quanto a ti, Boiuçu?","Em paz você, Deus?"
"T'oroîkó nde ypype nhẽ, oré sumarã mondyîa","Que estejamos perto de ti, espantando nossos inimigos","Se você for o primeiro a ouvir, será o primeiro a ouvir"
Îaîpó-asá-sá i py resebé,Atravessam suas mãos juntamente com seus pés,Ele vai-se embora com os pés resebidos
Na abaré ruã ixé,Eu não sou padre,Não abere ruã ixé
A'e abaré nde mongaraipara iraîtytataendy me'engi nde pópe,Aquele padre que te batiza dá uma vela na tua mão,Digo-te que a tua muralha irritava-te que a luz brilhava nas tuas mãos
typy,fundura dele,tipo
Tîaté i mĩme i xupé marã oîkóbo,Cuidado ao esconder-lhe o que faz,Centenas de milhares de milhares de milhares de pessoas
Tynysẽ memẽ,Elas estão sempre cheias,Trânsito
u'uba nhã,entalhe da flecha,uubá nhã
Ianga Pa'i Tupã n'oîpotari,Isso o Senhor Deus não quer,Imagens do Padre Deus não querari
Xe té xe té,Eu estou muito desfigurado,É chá é chá
Santa Cruz ra'angaba resé oré pysyrõ îepé,Pelo sinal da Santa Cruz livra-nos tu,A imagem de Santa Cruz nos faz sentir bem
"Seroŷrõmo opakatu ikó 'ara pupé i moasypyra, seroŷrõmbyra sosé",Detestando-os mais que tudo o que deve ser lamentado e o que se deve detestar neste mundo,"Se não fosse tudo dormir 'ara pupé i moabryra, se não fosse tudo seré"
naná-'y,"NANAÚ, NANAUÍ, licor de ananás, bebida fermentada que os índios faziam com tal fruta",naná-'y
Asé apysakûá-puka potá,Querendo abertos os buracos das orelhas da gente,Eu vou continuar a sorrir
Na xe tekokuabi,Eu não sei,Na xe sociedade
Na tenhẽ ruã 'areté marãtekoaba ri oîoparabamo 'ari îandébo,Não foi à toa que os feriados surgiram para nós como um intercalação no trabalho,Não diga que 'areté marãtekoaba ri está em receita 'ari îandébo
Aîme'engĩ,Dei-o por dar,Eu me enganei
"Xe mopyatã îepé, t'apu'am muru resé",Faze-me tu valente para que eu me oponha ao maldito,"É muito bom, é muito bom"
Kó 'ara nungara pupé,Num dia semelhante a este,Esta noite não chorarão
N'oîkoéî o îosuí,Não diferem uns dos outros,Não haverá sorrisos
Anhoman,Enfeixei-os,Anhoman
Aîmokusambar,Dou laçadas nela,Eu me encontrei
"Sosang, tatá porarábo, o manõ riré toryba rerekóbo","Sofreu, suportando o fogo, tendo alegria após sua morte","Sosang, incêndio, mandioca e bovino"
moroîtykara,vencedora,morotykara
Tó! Mamõpe ahẽ rekóû?,Eh! Onde ele está?,Olhe! Para onde vou?
Oporokurá-kuraba'e,O que fica escarnecendo das pessoas,Recomenda-se curar
"Oroapy kori, îandu!","Queimo-te hoje, como de costume!","Nós adormecemos, sentimos!"
Peîar kó niã xe rugûy pe repyramo,Tomai este meu sangue como vosso resgate,Peir este menino no chão do voo
u'ubae'ẽ eíra,melado ou mel de cana-de-açúcar,a chuva está a cair
"I abaeté muru supé São Sebastião ru'uba, São Lourenço pyri bé","Foram terríveis contra os malditos as flechas de São Sebastião, com São Lourenço também","I abaeté muru supé São Sebastião ru'uba, São Lourenço pyri bé"
îandé rubeté,nosso pai verdadeiro,ele é roubado
"Nde ko'ema, 'ara rorypabeté","Tu és a manhã, causa verdadeira da alegria do dia","Você já está, 'ara estamos felizes'"
"Kûarasy, îasy, yby, paranã rekomemûã roiré a'ereme karaibebé ruri","Após entrarem em colapso o sol, a lua, a terra, o mar, então os anjos vêm","Doença, doença, dor de cabeça, parar de recomendar ir ao Sr. Bebé ruri"
Xe rapûá-obyr,Eu tenho a extremidade pontuda,Xe de caça-voos
kûybõ oma'ẽ-nhemima,para cá olhando furtivamente,cão olha-nhemima
Kobé aîkó,Aqui estou eu,Quando eu era criança
Ygasápe kaûĩ-tuîa a'e ré îamomotá,"Além disso, atrai-os o cauim transbordante nas igaçabas",No oceano o nome da floresta-preta se deu a conhecer
o ykébo,"de lado, de ilharga",ao lado
Mba'easybora o îoesendûara supé abaré renõîe'yma,Não chamando o padre para o doente que está consigo,Evolução da população na região
"Pesa'ang îepé, peuî korite'ĩ nhote xe pyri","Embora tentásseis, estivestes deitados só pouco tempo junto a mim","Peso'angê é o mesmo, coloque um pouco de corteiro no xe pyri"
"Enhemim, nde kyrirĩ","Esconde-te, fica quieto","Enhemim, seu silêncio"
Nde poxy ûĩ!,Como tu és mau!,Você é muito bonito!
Xe pysyrõ îepé!,Livra-me tu!,É muito bom!
"Îesu, xe remimotara","Jesus, o que eu desejo","Îesu, xe remimotara"
y-apyra,cabeceiras de rio,águas
mba'ekugûapara'uba,"sábio fingido, pseudo-sábio",atividades culturais
"I kuab'e'ymebé, îasó muru rerasóbo","Antes que ela saiba, vamos para levar os malditos","E quando eu souber, eu vou para a muralha"
I akanga t'ereîoká,Que quebres suas cabeças,I akanga vai estar ao seu redor
Ereîkópe kunhã amõ resé nde sugûaraîyramo?,Tiveste relações sexuais com alguma mulher como tua prostituta?,Diga-me onde é que eu vou falar se você for curado?
Angyba'e roîré teumẽ nde poxyramo,"Depois disto, guarda-te de ser mau",Lamentamos estar no seu poxiro
Oîepé i pem,Ela teve penca uma vez,Qualquer que seja o seu
Orosapuká-pukaî i pe'apyramo,"Ficamos bradando, como desterrados",Ele grita-se com o riso
Nde 'anga Tupã remimomba'eté me'enga anhanga pé,"Entregando tua alma, que Deus dignifica, para o diabo",A tua imagem de Deus é a minha imagem
Aîpo'o,Desfolhei-a,Eu toquei
"Memẽ-te nipó, pe 'anga amotá","Mas sempre, com certeza, a vossas almas querem bem","Entre o neto, a foto que eu ardei"
A'e o porabykysaba pupé oîpytybõ,"Ele, com seu trabalho, ajudou-o",Eu disse que eu queria que o pão estivesse no chão
Îaîu kûepe suí,Viemos de longe,Queijo na boca suí
itá-atĩ,ponta de pedra,rochas
Xe abagûasu,Eu sou um homem feito,Xe sul
I marangatu supi é i mombe'upyra rekóreme é,Ele é bom quando o que é contado é mesmo verdade,Seu santo supi é a sua história
"Eresaûsubápe nde sy, nde ruba?",Compadeceste-te de tua mãe e de teu pai?,"Onde vai sua mãe, sua avó?"
Asysymbo'ir,Desenfiei-o,Sinto-me bem
"Irõ, oîepé tiruã pecado n'aromanõî!","Portanto, não morri com um pecado sequer!","Irmão, há um pedaço de pecado que não come!"
Îaîuká,Matamos,Melhores
"""-Peîké Tupãokype"" e'i muruangaba","""-Entrai na igreja"" disse ele de modo louvável","""-Você está na dança de Deus"" disse muruangaba"
Mundepora amõ îepé peîmosemukar ixébe îepi,Um prisioneiro fazeis-me sempre libertar,Mundepora é um lugar onde você pode se juntar a ele
Aînupã apyri'ĩ,Daqui a pouquinho castigo-o,Eu estava ao meu redor
Kunhã ri i moreká,Sua busca de gente nas pessoas das mulheres,Cabeça branca
"I ndi, kori, t'îasó temiminõ repenhana, aûnhenhẽ setama amana","Com ele, hoje, vamos atacar os temiminós, cercando imediatamente sua terra","I ndi, kori, t'asó temiminho vocêpenhana, eu vou fazer setama amana"
Aîmobabak xe rûaîa,Balanço meu rabo,Eu estava com o xe rûaia
Xe reburusu - Eu sou grande Seburusu,Ele é grande,Xe reburusu - Eu sou grande Seburusu
"Îandé moingobé, te'õ porarábo","Fez-nos viver, sofrendo a morte","É bom, é bom, é bom"
ne'ĩ n'endé aé,faze como te parece,não se preocupe
Cristãos rubixaba nhe'enga rupi é,Bem de acordo com as palavras do chefe dos cristãos,Cristãos rubixaba por causa de sua falta
Aîmomburu akûeîme tupinambá,"Ameacei, outrora, os tupinambás",Encostei-me no pescoço da minha mãe
Erobak oré koty nde resá-poraûsubara,Volta em nossa direção teus olhos compadecedores,Arranjem-nos um quarto com os olhos abertos
Kûesenhe'ym bé sepîá-potá tenhẽ roîré,"Depois de querer vê-lo, em vão, desde muito tempo atrás",Cussesenhym bé sepîá-querem primeiro nós
kó îá,como este,Aqui está
"Sosang, tatá porarábo","Sofreu, suportando o fogo","Sosang, incêndio"
Gûaîbĩ moesãîa mbá,Alegrando todas as velhas,Relógio de moda
Îeîbé apu'am,De madrugada levanto-me,Estive a ver
T'oîaby umẽ Tupã o monhangara,"Que não se desvie de Deus, seu criador",T'oaby em um deus o robhangara
Tekokatueté rerekoara oporomonhyrõba'e,Os que têm a beatitude são os que apaziguam as pessoas,Capacidade para o bem-estar da população
Îepémo asó,Eu iria inutilmente,É o que eu digo
Xe tekoaraibor gûitekóbo,"Eu estou-me homiziando, eu estou vivendo fugido",Exercícios de educação
O 'anga sumarã o mbo'eaíme,Por confundir o inimigo sua alma,O 'página sumária na escola
Xe ratypygûasu,Eu faço bochecha,Estação ferroviária
"Irũmbûera, kaûĩ repyrama ri, aîme'eng abá supé",Seus antigos companheiros dei para os índios em troca de cauim,"De olhos abertos, de olhos abertos, de olhos abertos"
Supi nhẽ aîkó,Estou de acordo com ele,Eu vou para cima
Apu-puk,"Estou com muitos furos, estou esburacado",Eu subo
Xe apekũ-mombyk ikó 'ybá,Trava-me a língua esta fruta,Xe preto-court dorme 'baixa'
Opá nde reté raíri itatiãîa pupé,Riscaram todo o teu corpo com ferro pontiagudo,O seu corpo está cheio de pedras
Xe pirakubor,Eu tenho a pele quente,Xe pirakubor
Orotupãerogûatá,Fizemos procissão,Ele é muito bom.
Topé-pungá,vagem cheia,Topé-pungá
Îeîbeté apak,Acordo bem de madrugada,É verdade que o meu pai
Korite'ĩ-aibeté obebébo berame'ĩ,Como que voando muito rapidamente,Rapaz-de-cabeça obedeceu ao meu rosto
Aîme'eng tenhẽ,Dei-o de graça,Dá-me o primeiro
Xe rabarab,Eu sou manchado,Xe rabarab
Ereruretá serã?,"Trouxeste muitas coisas, porventura?",Você vai pedir para ser?
"Eambé, xe ranhẽ t'akûáne","Espera, eu hei de ir primeiro","Eambé, o xe raspará cedo"
"""T'onhemomembek, t'onhemoapapu""","""Que se enfraqueça, que amoleça""","""Sobrecar, sobrecarregar"""
Na xe marani,Eu não estou doente,Na xe marani
"Onheŷnhang umã sesé kunumĩetá kagûara, kunhãmuku i more'ymbara",Já se juntaram por causa disso muitos moços bebedores de cauim e as moças que dão de beber às pessoas,"Desapareceram seis espécies de cachoeira, cachoeira e mor'ymbara"
Xe mba'e teé,Minhas próprias coisas,É tudo
A'u nhẽne ky,"Hei de comê-lo, pois",Eu comei centeio
Ereké-pipó eîupa?,Estavas realmente dormindo?,Você tem algum pão?
Aîabyp'ixé Tupã rekó inã ûitekóbone?,Transgredirei eu a lei de Deus procedendo assim?,Será que eu posso fazer o favor de Deus?
Abá opo'ẽ tenhẽ 'y-karaíba ruru pupé,Uma pessoa em vão enfia a mão num recipiente de água benta,Abá lança primeiro 'y-karaíba ruru pupé'
Xe aysó-katu,Eu sou muito formoso,Que eu chorei
Xe nhe'engatãndûer,Eu sou gritador,Xe não se movem
Nde membyramo orokupa,Como teus filhos estando nós,Se o seu filho vai roubar
E'u ymẽ ikó 'ybá,Não comas este fruto,Come o pouco que tem para dormir
I mba'e-kuá-mo'anga'uba'e,O que supõe saber as coisas,As suas imagens
Aamynyîu-poban,Fiei o algodão,Eu amoinyü-poban
"Tó! Aîpó n'i papasabi, kûarasymo oîké îepémo!","Ó! Isso não seria possível contar, ainda que o sol se pusesse!","Bom, eu não tenho papasabi, eu não tenho papasabi!"
"Peîmo'ang ra'u xe ra'yrĩ gûé, peîmo'ang pe re'õ pupé pe ruba","Imaginai, ó meus filhinhos, imaginai que estais deitados em vossa morte","Peçam o filhote de xê, peçam o rosto da pupé da ruba"
"Xe apuãnamo kori, nde rerapûana resé","Apresso-me hoje, por causa da tua fama","Se eu me levantar, você vai trabalhar"
Xe pytáî bé turi,Veio bem detrás de mim,É muito vermelho
îepimemẽndûara,"o que é de cada dia, coisa cotidiana",É uma espécie de espécie
O îomba'eramo i momendarypyra rekóû,Como coisa um do outro estão os que são casados,Em honra da vida de sua noiva
Aî'asu'u,Eu lhe mordo a cabeça,Eu gostei
"Te'õ mbasembápe, Tupã Tuba pyri Îesu nde rupiri","Quando chegou a morte, para junto de Deus-Pai Jesus fez-te subir","Em cada sepultura, a Igreja de Deus peregrina a Jesus no seu rosto"
T'îanhe'engá-mirĩ ranhẽ 'ara momorãngatûabo,"Cantemos um pouquinho, primeiro, para festejarmos bem o dia",Relíquias do 'dia da mudança'
N'onherani xûéne o îoupéne,Não oporão resistência um ao outro,Não se preocupe
Tupã rekó mombegûabo,Proclamando a lei de Deus,A distância de Deus
Kagûarape marã? Nd'oîabyîpe Tupã nhe'enga?,"E os que bebem cauim, como ficam? Não transgridem a palavra de Deus?",O mar de Kaguguara? Não é possível ouvir a voz de Deus?
T'oroporaká,Hei de pescar para ti,A sua felicidade
"Paranãgûasu rasapa, asó tupi moangaîpapa","Atravessando o oceano, fui para fazer pecar os tupis","Paranaguasu rasapa, assó tupi moçapa"
"Opyk o'ama, i nhe'engobaîxûare'yma","Estava-se calando, não respondendo as palavras deles","Apicou-se, mas não teve nada a dizer"
Ereîme'engype mba'e-kanhema nde basemagûera i îara supé?,Deste as coisas sumidas que tu achaste para seu dono?,Diga-lhe o que é que o seu basemagüer está fazendo no dia seguinte?
"Aîmbiré, îarasó muru taûîé","Aimbirê, levemos os malditos logo","Por volta da tarde, a cidade foi destruída."
Itá karamemûã pupé i nongi,Dentro de um túmulo de pedra o puseram,Seu amigo Pupé e Nongi
Ereînhe'engybõpe nde ruba?,Ofendeste teu pai?,Dizemos para o seu pai?
Asobaîar,Oponho-me a ele,Abandonar
Aîpopûasá-rab,Soltei as algemas dele,Eu gostaria de ser rabino
xe atukupé,minhas costas,xe total
Marãpe amoaé îandé 'anga posanongaba?,Qual é o outro meio de curar nossa alma?,Como é que eu faço a imagem posanongaba?
Aî'amopikytĩ,Cortei-lhe o prepúcio,Eu estava a dormir
Asóne-ká,Hei de ir,Eu vou
Asa'ubar,Tomei-o em seco,Acasoubar
Kunhã reroîabapara nd'e'ikatuî sesé omendá,O que foge com uma mulher não pode casar-se com ela,Amanhã não consegue se casar
akangaó-îepepira,var de chapéu,aconchegante
Ûiporabykŷabo gûixóbo,Indo eu para trabalhar,Gúixóbo
Marãpe nd'erenhemimi?,Por que não te escondes?,O que é que você está fazendo?
Opemo aîub,Jazo de lado,Escolha-se um pouco
Aó-tinga pupé i nhubani,Em roupas brancas envolveram-no,Aó-tinga pupé i nhubani
Ixé tiruã asó,Até eu vou,Ixé tiruão azul
Aîpukuîurar,Lacei a perna dele,Eu estou a brincar
Marã e'ipe asé Tupã mombu-potá?,"Que diz a gente, querendo abrandar a Deus?",Será que você vai desobedecer à vontade de Deus?
Erasó ké raré,"Leva-o, olha lá!",Era uma raça
Ten amo'e,Faço-o ficar com firmeza,Eu disse-lhe
"Kûeîsé, rakó, amõ kanhemi","Ontem, é verdade que alguns sumiram","Queijsé, rakó, onde podemos"
Oroîoporu,Revezamo-nos uns com os outros,Ouro usa
Aîmbo'e be'ĩmo mã,Deveria eu por bem ensiná-lo,Aprendo em silêncio
miîukapûera,o que foi morto,crianças
O akanetá-beraba ro'yrypy'aka sosé morotingyba'e reroína,Estando com seus cocares brilhantes que são mais brancos que a geada,O kanetá-beraba começa a escurecer
N'aîasabi pó-pytera,Nem me cruzei as palmas das mãos,Não tenho sabão de mãos dadas
"A'e o kakuab'iré, i nheme'engi apŷabaíba supé, oîeîuká-uká ybyraîoasaba resé","Ele, após crescer, entregou-se aos homens maus, fazendo-se matar na cruz","Quando eu crescer, eu vou dar um pouco de sopé, há um pouco de água no mar"
A'e ipó asetobapé-pyténe,"A ele, certamente, beijarei suas faces",Eu disse que os seus braços ficariam em pé
"Te'yîpe nhẽ i gûapyki, tatá ypype oîepegûabo","Sentou-se em público, aquecendo-se perto do fogo","Te'yyype nhẽ i gûgûki, no primeiro incêndio está em pé"
mba'e kuakubagûera,o ocultamento das coisas,O que é que há de errado
Oobapybo aîub,Estou deitado de bruços,Acabo de comprar
xe rura agûerabé,desde minha vinda,xe rura agüerabé
kunumĩ-nhembo'e,"moço que aprende, moço aprendiz",aprendizagem
amynyîu-'yba,"pé de algodão, algodoeiro",amynyu-'yba
"Onheŷnhang umã sesé kunumĩetá kagûara, gûaîbĩ, tuîba'e abé","Já se juntaram por causa disso muitos moços bebedores de cauim, velhas e velhos também","Desapareceram seis jovens, jovens e velhas"
i angaturamba'e remimonhãngatu,as boas obras dos que são bons,I'm gonna be a genius
Sekomemûãagûera serekóbone sobaké bé i nhemondá bé,"Seus antigos pecados fazendo estar diante deles, seus furtos também",Segomemûguêra serekóbone sobaké bem i nhemondá bem
"Xe renõî umẽ îepé i xupé, na xe îukáî!","Não me chames pelo nome diante dele, senão me mata!","Se você tiver um pouco de sabedoria, não grite!"
Xe kyragûasu,Eu sou muito gordo,O que é a beleza
Nde ma'enduar nde rekó pabagûama resé rá,Lembra-te já do término de tuas coisas,Ouve-te dizer o que é a tua vida
Ybaka suí ereîur,Do céu vieste,Ybaka suí eríur
Xe momotîasó ahẽ nhe'enga,A fala de fulano repreendeu-me,Eu gostaria de ir embora
N'asé reroki bépe amõ abá abaré pyri?,Não nos batizam também outras pessoas junto do padre?,Não gostaríamos de ir para a praia de Abá Abaré?
Enhonong-y bé amõ,Põe mais outro,Enhonong-y bé meu filho
Erenhemoatyrõpe eîegûaka nde poropotaramo?,"Enfeitaste-te, pintando-te, tendo desejos carnais?",Será que você vai ficar de pé quando for escolhido?
Asé 'anga ereîosub,Nossa alma visitas,Assé 'anga eríosub
Orokub ikó,Eis que aqui nós estamos,Orokub dorme
Nd'e'i ymûanĩ ahẽ aoba moaûîébo,Ele nunca acaba de completar as roupas,Não disse à velhice para ir à árvore
A'e îasûar,Parece que é ele,Eu disse-lhe para ir embora
A'epe abaré hóstia pese'õ-etá-etáreme i pese'õmbûera îabi'õ Îandé Îara Îesu Cristo rekóû?,"E ao partir muitas vezes o padre a hóstia em pedaços, em cada pedaço dela Nosso Senhor Jesus Cristo está?",Pergunto-lhe se a sua hóstia é tão pesada quanto o peso da vida de Îandé Îara Jesus Cristo?
Oîoasykûera ri îasûaramo oîoerekóbo,Tratando-se uns aos outros como que numa fraternidade,As pessoas ficam com problemas de saúde
"Mokõnhõ kó taba pupé sekóû, oîepysyrõ okupa","Poucos nesta aldeia moram, estando a salvar-se","Ambos os túmulos estão fechados, mas ainda estão sob ocupação"
Opakatu sasyeteba'e i arybeba'erame'yma porarábo,"Sofrendo tudo o que é doloroso, que não se mitigará",Possui uma doença que não vai curar
Asaûsub nde membyrĩ,Amo teu filhinho,Eu dou sucesso a seu filho
Ogûatá îepé serã i îybá mokõîa itapygûá soarama resé?,Por acaso não chegava seu segundo braço ao lugar de irem os pregos?,Será que vai ser necessário que os dois membros da família soaram?
amyniîu-aó-poanama,roupa de algodão grossa,amyniu-aó-goanama
Ereî'useîpe u'i-puba?,Queres comer farinha puba?,Gostaria de ler um pouco?
Xe nhe'ẽkurukuruk,Eu resmungo,Xe não seguimos
Nd'e'ikatuîpe abá omendá-nhemima?,Não pode uma pessoa casar-se ocultamente?,Não é possível que alguém se case com Nhemima?
Xe rygynõ,Eu tenho bafio,Na sua frente
kokoty bé,mais para cá,olho bem
"Marãpe sepîaki, setee'ymba'eramo sekó e'ymeté?",Como o viu se ele não tem corpo?,"No caso do sepíaki, se você quiser comer, será que você vai comer?"
Onhemote'õ'a moxy,Desfaleceram os maus,Desculpem a moxy
Aîmba'e-pysyrõ-mbab,Saqueei-lhe as coisas completamente,Eu sou-salvo-mbab
Nd'e'ikatu béî aîpó i pe'apyra'uba missa renduba resé,Também não pode aquele excomungado miserável ouvir a missa,Não posso dizer que eu não quero que a missa seja cancelada
I aputu'uma t'a'u,Hei de comer seus miolos,Eu quase comei o chá
Nde reroîeupi kori,Faz-te subir consigo hoje,Você saiu no chão
Na xe rekopoxyî xûé angiréne,Não serei pecador doravante,Não há nada de errado com o sexo
Xe run tatatinga suí,Eu estou preto de fumaça,Xe run tatatinga suí
Atupá-rung abati,Estabeleci uma plantação de milho,Atupá-rung abati
Koromõ xe rorybamo,Logo eu estou feliz,Os corações são quebrados
Aîeîkûaru'umbok,Eu me limpo das fezes,Eu estava no banquete
îeporakasara,pescador,ele perguntou
Ipuku erimba'e îandé rubypy rekóû îase'o-monhanga,Longamente nosso pai primeiro esteve chorando,Longo ergueu a vida de Rubé no inverno
Angaîpaba aîpokosu,Surpreendi os pecadores,Errou-me o rosto
"Aîpó pytunusu suí Tupã nde mosemagûera kuapa, eîmomba'eté Tupã","Sabendo que Deus te fez sair daquela escuridão, honra a Deus","Que Deus te abençoe, que Deus te abençoe"
Marãpe Îandé îara i mombûerabi?,Como Nosso Senhor a cura?,Em que dia é que está muito longe?
Mbype emondarõ sesé,Rouba-o aí por perto,Crianças à espera de seis
Ahẽ ruraba a'eîponomã,Se não fosse a vinda do fulano,Fui para a aldeia para dar um abraço
Ypa'ũgûasu,Ilha Grande,Praia
"Xe mendûera ipó re'ĩ, Piraka'ẽ amyrĩ!","Meu ex-marido há de ser certamente, o finado Piracaém","Se a minha menúera está em seu peito, o meu dinheiro está em seu peito!"
îoa'o,injúria recíproca,ele gritou
koba'e-te,este outro,apenas
"Ené, rõ, kururu-asyka!","Eia, pois, sapo maneta!","Sim, muito, muito, muito, muito!"
Îusana abŷare'yma nhẽ serã tentação?,Porventura a tentação é coisa semelhante a um laço?,O que é uma tentação?
Aîeakasó,Mudo-me,Eu disse
Marãba'e kunhãpe Santa Maria?,Que tipo de mulher é Santa Maria?,O dia de Santa Maria?
I abaîté xe rembiasaba,É terrível minha captura,Eu vou baixar o xebiasaba
"Aûnhenhẽ 'y sugûy abé i xuí i 'emi, osyryka","Imediatamente, água e sangue dele vazaram, escorrendo","Despeço 'gua doce abé i xuí i 'emi, foge"
I porambyrambyk xe rekó ixébo - São-me agradáveis meus afazeres I porambyrambykĩ xe nhemosaraîa ixébo,Estava-me agradável meu jogo,Estação ferroviária da cidade de São-me agradáveis meus afazeres
"A'e, rakó, i angaîpá, oîemopaîé-paîébo","Elas, na verdade, são más, ficando a fazer pajelança","Eu sei, eu sei, eu sei, eu sei, eu sei"
T'i marangatu apó abá pé,Sejamos bons para aqueles homens,Seu santo apóstolo abá
Ose'ymype gûá?,Deram-lhe de beber?,Esqueceu-se de mim?
putunyme,de noite,no poço
Xe pitubarusu,Eu estou muito quebrantado,É um povoado
"Xe rera ""Kururupeba""","Meu nome é ""Sapo Achatado""","Xe rera ""Kururupeba"""
Osyk oré ri sendy îepinhẽ,Chegou a nós sua luz para sempre,Fomos para a praia da praia
i moxyryrykypyra,"o que é frito, a fritura",meu moxyryrykypyryn
Pe apysykĩ serã peîkóbo pe rekomemûã aty-atyra pupé?,"Será que estais sossegados, sem mais, com vossos montes de maldades?",A expansão será para o encontro de recomendações?
I îogûerekó kûeîkûeîbo,A consorciação deles em toda a parte,Ele tem um grande coração
Xe îase'opytym xe remi'u,Engasgou-me minha comida,Xe querê-me parar com o xe
Kó nde remimbûaîetá t'oîtyk pá tekopoxy,Que estes em quem mandas lancem fora toda a maldade,O seu estilo de vida vai aumentar a sua beleza
"Nde rekokatu potá, aroŷrõ xe rekopûera","Querendo tua virtude, detesto minha cultura antiga","A tua vida é boa, espero que a tua vida seja boa"
Sepoti,"Ele está enferrujado, ele tem ferrugem",Sepoti
Mba'e-mba'e-piã te'õ suí nheangûaba?,"Quais são, por acaso, as ocasiões de se ter medo da morte?",O que é que os suíços estão fazendo?
Eresó kó 'ara ri,Vais neste dia,Escrevo esta 'ara ri'
Ã tekó a'ereme moreroka Ké bŷá Îesus nongi seramo,"Eis que era costume, por ocasião disso, pôr nome Assim, puseram como nome dele ""Jesus""",Para as pessoas que desejam viver sem Jesus não será
T'oroîtyk oré poxy,Que lancemos fora nossa maldade,Os teus olhos são lindos
"Aryryî, opá xe uba îesyî","Tremo, ambas as minhas coxas adormeceram","Arirí, todo o xe uba îesyî"
Xe atá-pûan,"Eu tenho uma caminhada ligeira, ando depressa",Xe atá-púan
Abá 'anga mara'ara i pupé opûeîrá-katu,As doenças da alma do homem com ela saram bem,Abá 'anga mara'ara seus puppés vão parar-se
"Ereîkupeanga'ope nde ruba, nde mbo'esara?","Vituperaste pelas costas a teu pai, a teu mestre?","O que é que você fez com seu rosto, seus ensinamentos?"
"E'i tenhẽ onhemoîtỹamo, u'uba mongûá-potá","Em vão eles se esquivam, querendo fazer passar as flechas","Diga-lhe antes que ele comece, que a uuba é muito boa"
"Aûîeté, gûe'õ ré, 'ara mosapyra resé bé sekobeîebyri","Contudo, após sua morte, no terceiro dia voltou a viver","No dia de hoje, em dia de hoje, 'a noite de manhã é boa para todos'"
Xe yî,Eu estou poento,Águas do mar
"Taba Belém pora pitanga i amundaba pora abé apitiukari, sesebé Îandé Îara moîese'a-potá","As crianças habitantes da aldeia de Belém e também as habitantes das suas vizinhanças mandou assassinar, nelas querendo incluir Nosso Senhor","Taba Belém pora pitanga i amundaba pora abé apitiukari, sesebé Îandé Îara onde quer ir"
ybyrapu'a,bola de madeira,Águas pluviais
N'aîabŷî xûé temõ erimba'e nde nhe'enga mã!,"Ah, quem me dera não ter transgredido outrora tuas palavras!",Não há muito tempo para que você abrace o seu silêncio!
i îatyrá-tyraba'e,o que é felpudo,é muito difícil trabalhar
Amõ aó-pyranga mondepa sesé,Uma roupa vermelha colocando nele,Onde eu ia-piranha se eu fosse
Aûîé sapirõmbyre'yma o moetee'yma oîmoasy,"Enfim, o que não é pranteado ressente-se de não o honrarem",O dia da sabedoria é um dia de tristeza
Xe robá-kuru-kurub,Eu tenho o rosto muito curubento,Xe robá-kuru-kurub
Marã e'ipe iîypy?,Como diz o primeiro deles?,O que é que você está fazendo?
Emonã i'e ra'e,Dizem que é assim,Vimos o seu primeiro filho
Xe reryîara tupãoka eîmonhang,Faze uma igreja que tenha meu nome,Xe agradece a deusa eimmonhang
Xe abagûasu,Fiz-me homem,Xe sul
-Ene'ĩ esóbo!,"Eia, vai!",- Faça um esóbo!
Na satãngatuî maíra!,Não é muito forte o homem branco,O mundo está morto!
Asapy,Ferrei-o,Estou a dormir
Nainanĩ temiminõ o erumûana mombó,De modo algum os temiminós tiram seus nomes antigos,Nenhum temiminho vai ficar longe
Ereîpotápe nde 'u?,Queres que ele te coma?,Onde você quer comer?
Kûesé nde remirekó manhanamo ereîmondó,Há poucos dias mandaste tua esposa como espiã,Queria que a sua esposa lhe dissesse
o îoati'yba ri,"sobre os ombros de duas pessoas, de um e do outro ombro",ou irão pescar
Xe anhangusu-mixyra,"Eu, o diabão assado",Xe anhangusu-mixyra
i mosapysaba,o terceiro deles,no mês de julho
Abá rekó mondykaba,O destino final das coisas dos homens,Morte de Abá
Xe rabusu,Eu tenho muita felpa,Xe rabusu
"O moaîureme o momara'areme a'e i arybeba'erama biã sasyeté, memetipó i arybeba'erame'yma","Se ele tem muita dor quando o empalidece e quando o deixa doente aquilo que se abrandará, quanto mais aquilo que não se abrandará",Ele agradeceu o aniversário de sua infância por ter sido muito doente.
Pesa'ang îepé korite'ĩ nhõte xe pyri pekere'yma,"Tentastes em vão, por pouco tempo, não dormir perto de mim",Peso'ang é um pouco mais do que um pouco mais do que um pouco
abá ogûerekomemûãeté suí onheangûabo,Tendo medo de que alguém o maltrate muito,Abá está em conexão com suíão
Satãngatu-te nipó,"Eles são, realmente, muito fortes",São apenas os netos
I 'anga 'u-potá é pysaré n'aker-angáî,"Querendo devorar suas almas, a noite toda não dormi, absolutamente",I 'manga 'u-pota é pissaré n'aker-angáí
E'ikatupe asé ogûera rekobîarõmo?,Pode a gente trocar seu próprio nome?,Você pode ser capaz de esperar?
Aîmondar ahẽ xe itaîuba ri,Suspeito dele acerca de meu dinheiro,Eu diria que vou para a cidade de São Paulo
Oker okûapa tekotebẽ suí nhẽ,Estavam dormindo por causa da aflição,Oker está em situação de pobreza suíça
"Karaíba, ipó, n'oîkoangaîpá-pyrybi","Os cristãos, na verdade, não pecam pouco","Caraíba, lábios, não há pálpebras"
Xe rybykasy,Eu tenho diarréia,É uma doença
A'e ré kori îasó tubixaba akanga kábo,"Depois disso, vamos quebrar as cabeças dos reis",O nome é kori îasó tubixaba akanga cabo
"To, ahẽ! Abápe ké sobasẽ?",Oh! Quem aqui dá a cara?,"Então, eu vou! Onde é que eu vou subir?"
Ybakygûara onhemoputupab i nhemomoreaûsuba repîaka,"Os habitantes do céu afligiram-se, vendo-o humilhar-se",A equipe de futebol do Rio Grande do Sul lançou um lançamento para o Campeonato Brasileiro
aó-moundara,"o que escurece roupas, o tintureiro",aó-moundara
Ikatupe nde moĩndara,O que te põe nu,Talvez você não fique
Aîpó-petek,Esbofeteei suas mãos,Eu sou um pouco
Na mboby nhõ ruã akaîu-'aîubane aûîeramanhẽ-te,"Não serão somente poucos anos, mas para sempre",Na mboby nhò rão acaíu-'aiubane eu apenas cheguei
"Ne'ĩ, t'asó nde irũmo","Eia, hei de ir contigo","Não, vai-te embora o teu amigo"
Yba i peb,Os cabos são achatados,Yba i peb
"Asé i kangûerĩ tiruã momba'etéû, o aîuri serekóbo","Até mesmo seus ossinhos a gente cultua, tendo-os no pescoço","Eu estava no meio de um buraco de camundongos, no meio de um serébo"
Aîmorambûerukar ahẽ rekorambûera,Fiz frustrar aquilo que fulano faria,Estou pronto para ir até vocês
Xe py-piru'a,Eu tenho pés calejados,Xe pé-piruá
Ixé aé ã a'é umûã nakó peẽme,"Eu mesmo, como se viu, já vos disse isso",Que eu não vos diga
"Peîori, peîaîubã pitangĩ-moraûsubara","Vinde, abraçai o neném compadecedor","Bom dia, bom dia, bom dia"
korite'ĩ-aíb-eté,"o mais cedo possível, em um momento",cor-de-abóbora
Amembek,Acovardo-me,Eu me engano
Marãpe asé rekóû Tupã remimotara moporagûama resé,Como a gente procede para o cumprimento da vontade de Deus?,A vida de um homem com Deus é abençoada
Mba'e-embegûasu!,Coisa beiçuda!,Compreensão!
Marãîasûaramo turi mã!,"Ah, oxalá ele viesse!",Na Santa Catarina!
Aruretá kó reri,Trouxe muitas destas ostras,Aruretá este reri
T'oîkó umẽ moxy xe ypybo,Que não esteja o maldito perto de mim,A primeira moxy xe
Xe aŷpygûasu,Eu tenho cachaço grande,Que eu não tenho nada
Aîmonhã-memûã,Fi-lo mal,Eu tenho um pequeno-almoço
Our paranã - Subiu a água do mar Ourusu 'y,Cresceram muito as águas,Our paranã - Subiu a água do mar Ourusu 'y
Marãnamope asé îobasabetá-etáûne?,Por que a gente se persignará muitas e muitas vezes?,Será que o governo vai continuar a cobrar a dívida?
"A'epe supindûare'yma resé Tupã renõîndara, marã?","E o que evoca a Deus pelo que não é verdade, que acontece?","Perguntei-lhe: ""Supindou-me que você não está na presença de Deus, senhor?"""
Asobaún,Entisnei o rosto dele,Cheguei
Te'inhẽne oîkóbo ká,Que o deixem estar,Será que haverá cabos
Ten i mo'îabo,Fazendo-o estar com firmeza,Ten seu morro
Nde resá-popybo ema'ẽmo,Olhando na ponta dos teus olhos,Os teus olhos brilham para mim
"Onhemombe'upe abá gûarinĩnamo o só îanondé, ygarusupe o 'ar-y îanondé?","Confessa-se alguém antes de ir à guerra, antes de embarcar num navio?","Ele disse-lhe que se houver alguma chuva ou só chuva antes, no mar ou no ar antes de chuva?"
"Eîori muru mondyîa, t'opu'am umẽ oré ri","Vem para espantar o maldito, para que não invista contra nós","Eíori muru mondyîa, levanta a boca"
Umã? Akó Rorẽ-ka'ẽ?,Qual? Aquele Lourenço tostado?,O que é que eu faço?
"Ybyoka asapekóne, Itaoka abé aîpobu, rumby, Îupaogûaóne","Hei de frequentar Ibioca, revirarei também Itaoca e, enfim, Jupaoguaó","O céu vai acender, Itaoka abé aípobu, rumby, Îupaogüoã"
ybyrá ku'i,pó de madeira,Cachorro do mar
Ndaroîaî mamõ xe sóû,Nem por isso eu vou para longe,Não tem mamão xe só
"Eîori, mba'enem, mba'e-poxy, mborá!","Vem, coisa fedorenta, coisa nojenta, borá!","Eíori, o que, o que-poxy, muito bem!"
"Xe resaraî é gûitekóbo, n'aseîá-potá ruã!","Eu estava, mesmo, esquecendo, não que o quisesse omitir","Que brilho é o nosso, o nosso desejo!"
N'orogûeruri xûémo ndebe i angaîpabe'ỹmemo,Não o teríamos trazido a ti se ele não tivesse pecado,Não queremos que sejas perfeito
I mba'eba'e ixé,Eu sou o que é rico,O que é isso?
Ygarusu nungara,Algo semelhante a um navio,Mar Negro
aîogûasu,saca,Eu sou o melhor
Agûatá ko'arapukuî nde rerapûana resé,Caminhei o dia todo por causa da tua fama,Bom dia para o seu trabalho
Xe mendasabeté resé nhõ t'aîkóne,Com meu cônjuge verdadeiro somente hei de ter relações sexuais,Não há nada melhor que dizer
Ereîmombo'irype kunhã amõ i mena suí?,Apartaste alguma mulher de seu marido?,Você quer ensinar-lhe o dia a dia para a sua menina suí?
Eîori oré rekyîa,Vem para nos arrebatar,Eíori é o nosso amigo
Aûîebé-temo xe só-umani,Ainda que eu já tivesse ido,Aûebé-temo xe só-umani
Xe resaraî-potar,"Eu tenho propensão a esquecer, eu sou esquecidiço",É muito brilhante
Ne'ĩ taûîé xe reîyîa!,"Eia, afasta-me depressa!",Não seja uma cidade de xe!
ybyty-bytyra,"muitos outeiros, serrania",montanha-baixa
Amõ seba'e irũmo nhẽ,Com algumas coisas que são saborosas,Onde estão os meus amigos
abá-pûapẽîara,homem sovina,abá-púcuara
Nde poxype nde remirekó asykûereté amõ resé koîpó i mũ-mbyryba?,Tu foste torpe com alguma irmã de tua esposa ou com sua parente próxima?,O que é que você acha que a sua esposa tem de fazer com que você seja feliz?
Na xe îuru-pyki,Eu não tenho boca sossegada,Na xe îuru-pyki
Nhoesembé robabo i kûáî,Ele passou diante de Ilhéus,Não se preocupe em roubar o seu couro
"Anhẽ, n'i tekokuabi","Na verdade, não são conhecedores das coisas","Sim, não há cultura"
Oîxamysyk sero'ama,"Amarraram-no com corda, fazendo-o estar em pé",Ele brilhou como uma sero'ama
Ybakype asé 'anga rerasóbo,Levando nossa alma para o céu,Na praia eu vou 'receber imagens'
ka'a mosanga ra'anga,experimentando poções de ervas,imagem de caça mosanga
Aîpi-momemûã,Esfreguei a pele dele,Quatro-momentos
Nde arybé Anheté kó nde rapé,Aquieta-te Verdadeiramente este é teu caminho,Seu irmão Anheté é o seu caminho
Teumẽ ké serasóbo rá,Guarda-te de o levares,Agradeça-me o serasóbo
Asé rekokaturama mombegûabo,Anunciando nossa futura felicidade,Como cozinhar a distância
Anhemombeb gûitena,Estou-me agachando,Falemos da nossa história
"T'okaî nde ratá pupé, ta sepy muru angaîpaba","Que queimem em teu fogo, para que os pecados dos malditos tenham retribuição","Tome a sua ratá pupé, ta sepy muru falapaba"
xe remimbo'epûera,o que eu ensinei,alunos de xe
kó Yby'apapesûara,estes que estão em Ibiapaba,Água de cozinha
Setá tekó oporomondyîba'ene,Serão muitos os fatos que assustarão as pessoas,O diabo nos surpreendeu
y robaî,além do rio,Água escorrendo
"Xe îyboîa, xe sokó, xe tamuîusu Aîmbiré","Eu sou uma jibóia, eu sou um socó, eu sou o grande tamoio Aimbirê","Xe chuva, xe sokó, xe tamuíusu Aímbire"
"Karaibebé a'e, moroîubyka puaîtara",Ele é o anjo que encomenda o enforcamento,"Carabebé, moribundo em branco"
Kó ygara ruri Osó-te,Cá vem um barco Não faz senão ir,Esta casa está na hora de sair
Abá angaîpá-nhemima i kuapare'yma supé mombegûabo,Contando as maldades escondidas de alguém para quem não as conhece,Abá angaipá-nhemima e seu solé supé distante
i xo'opyra,o que é convidado,eu sou o meu filho
"Xe t'oropysykatu, xe mundépe nde mbo'a","Eu hei de bem apanhar-te, fazendo-te cair no meu mundéu","Xe pode continuar, xe no mundo sua lição"
Aîopûaî Pedro îepeaba resé,Encarreguei Pedro da lenha,Eu fui ao lado de Pedro para abrir a boca
"Ereképe, Gûaîxará?","Dormes, Guaixará?","Você tem, Gûaîxará?"
Mobype erenhemombe'u koîpó eretupãar?,Quantas vezes te confessaste ou comungaste?,Como é que você contou sobre o seu futuro?
i py,o avesso dele,os pés
"Ikó 'ara pupé abiã Tupã remimonhangûera i porãngatu, memetipó ebapó ybakypy","Se o que Deus fez neste mundo é muito belo, quanto mais lá, o céu primeiro","No dia ' pupé eu vislumbro a imagem de Deus e a sua beleza, a memória do papa Ybaky"
Aîmoangaîpá pá benhẽne,Farei todos pecarem de novo,Eu imagino que a pá vai vir
mba'easybora nde kotypendûara,o doente que está ao teu lado,qualquer coisa no seu quarto
Tupã koîpó o 'anga koîpó cruz koîpó anheté renõîa,Invocando a Deus ou sua própria alma ou a cruz ou algo verdadeiro,Deus colocou a imagem da cruz na frente do meu antebraço
Oîkuá-katupe a'e suí o semagûama?,Sabem bem de sua futura saída dali?,Pode ser que eu seja suí ou semagüama?
I mba'e-potar îagûara,O cão é ávido,O seu desejo é ser feliz
Oroîoerokûab,"Fizemo-nos passar uns aos outros, passamos uns com os outros",Orquídeas
A'e îandé resé Tupã t'omoma'enduar,Que ele faça Deus lembrar-se de nós,Digo-lhe que Deus ouve
Nde porãngatu raûsupa,Amando tua grande beleza,Se a sua beleza
T'îanhe'engá-mirĩ ranhẽ,"Cantemos um pouquinho, primeiro",Relíquias de cor-de-rosa
Anhe'ẽ-îeaseî,Falo irritadamente,Gostaria de falar
angûera resé Tupã mongetasagûama,tempo de rogar a Deus pelas almas,angúera resé antes de deus mongetasagüüüü
Ererokûé-rokûerype abá amõ?,Ficaste detendo contigo alguma pessoa?,Vocês dançaram em casa de banho?
Eîepe'a!,Afasta-te!,Abre!
Xe moapysy-katu,Deleita-me muito,Xe moapã-katu
"I mbo'a tiruã, i mbo'ar' e'ymebé, a'erame'ĩ i mbo'ar'iré, omarane'ymamo","Estando virgem, mesmo dando-o à luz, antes de dá-lo à luz e, igualmente, após dá-lo à luz","A sua lição, a sua lição, a minha lição, a minha lição, a sua lição, a sua lição, a sua lição"
Aîkûatiar,Pintei-o,Eu estava com medo
ara papápe,no fim do mundo,dia em papai
"Endé, nde îybápe, Îesu eresupi","Tu, em teus braços, Jesus ergueste","Endé, em seu coração, Jesus sobre você"
Kûesé bé mba'e n'a'uî,Desde ontem não como nada,Quer que seja o que não seja
T'ereîu ybaté xe rerasóbo,Que venhas para levar-me para o alto,Teresu ybaté xe resistibo
Aindé,Estou à parte,Eu vou
Opá xe ramyîa ma'epûera aîtyk,Todos os bens de meus avós joguei fora,Passa-se um pouco de trânsito
Osó é ahẽ îabynomã,Se não fosse ele ter ido,Eu vou para a casa dele
Kori é t'oromondóne,Hoje mesmo hei de fazer-te ir,Kori é quem vai te mandar
"Iké nhẽ peîkó xe rarõmo, xe pyri, pekere'yma","Estai aqui esperando-me, junto de mim, não dormindo","O seu rosto vai ser o rosto, o pé, o pé, o pé"
Pitangamo seni Maria îybápe,Como criança está nos braços de Maria,Pitangamo seni Maria em sua casa
Ixé aé ã a'é umûã nakó peẽme,"Eu mesmo, como se viu, já vos disse isso",Que eu não vos diga
Nde membyrápe erimba'e nde remimotarybo?,Tu deste à luz por tua vontade?,Ao seu filho você deu o seu remotor?
Nde porãngatu raûsupa,Amando tua grande beleza,Se a sua beleza
A'e suí turi oîkobeba'e omanõba'epûera pabẽ rekomonhangane,Daí virá para julgar todos os que vivem e os que morreram,Eu sou suí turi há muitos que morreram no pabê do comunhangane
Asé sy o membypitanga raûsuba sosé asé raûsume nhẽ,Por nos amar mais do que nossa mãe ama seus próprios filhinhos,A mãe e a filha de Raúsuba ficam em paz
Abá sosé pabẽ i momorangi,Mais que a todos os seres humanos embelezou-a,Abá sosse pabê i momorangi
Aîukae'ym,Não mato,Eu sorri
Ambyasybora poîa,Dar de comer aos famintos,Explico cinco
Kûepe kunhã-mendarûera ereîmomoxy-moxy,Por aí as mulheres casadas ficavas pervertendo,"No dia de hoje em dia, a minha mãe é moxy-moxy"
São Lourenço pytybõana,ajudante de São Lourenço,São Lourenço escuro
Ererupe nde petyma?,Trouxeste teu fumo?,Trouxe o seu gato?
ysypó-tyba,ajuntamento de cipós,ilhas-douradas
Peîuká!,Matai-o!,Acordem!
"Tamũîa, kyre'ymbagûera, omombab erimba'e","Destruiu outrora os tamoios, os valentes","Crianças, assustadoras, enganam homens"
Marã-pakó xe sy xe mbo'ari erimba'e?,Por que minha mãe me deu à luz outrora?,Marã-paco xe mãe xe ensinou seus filhos?
okytá,"esteio, alicerce de casa",caiu
Ereîkuá ranhẽ meémo emonã nde rekorama,Deverias ter sabido antes do teu agir assim,Acredite em sua carreira
Asó-potá nde retãme,Quero ir para tua terra,Desejo-a no seu país
Marã e'ipe Îudeus i piaretá i xupé?,"Como disseram os judeus, seus perseguidores, para ele?",Será que você vai tirar de seu piarte os judeus?
Eboûĩ nde resá erobak oré koty,Esses teus olhos volta em nossa direção,Encoste os olhos e abra o quarto
O manõ riré toryba rerekóbo,Tendo alegria após sua morte,Rapaz de mandioca
moîasukaba,"tempo, lugar, modo, etc de se lavar, de se batizar",onde se encontrava
Memeté a'e morero'arupîara,Tanto mais porque eles são adversários de agressores,Deixe-me ir amanhã à noite
T'osó umẽ temirekó kûepe,Que não vá longe a esposa,Pássaro no pescoço da menina
i mokõîa,a segunda vez dele,os dois
I angaîpá kó kena'ĩ,São más essas folgadas,O seu erro é tão grande
Peteumẽ xe rapirõmo,Deixai de me prantear,Uma espécie de carrinho
îerobîá-tenhẽa,glória vã,irobîá-tenhênia
O monhangaramo nde rekó kuapa,Reconhecendo que tu és o seu próprio criador,Se roubaram o seu rosto
Ereîtykype kunumĩ amõ nde abiîxûara nde 'arybo moropotara suí?,Lançaste algum menino que estava aconchegado a ti sobre ti por desejo sensual?,Diga-lhe brevemente onde está o seu abíxûra do seu 'arbo moropotara suí?
"Pesapîá abaré, pe mbo'esara","Obedecei ao padre, vosso mestre","Pesapîá abaré, a lição"
Eresugûykápe kunhataĩ amõ?,Desvirginaste alguma menina?,Onde é que eu estou?
Mosapy ipó xe boîáramo nde rekó ereîkuakub mokõî gûyrá sapukaî'e'ymebéne,"Na verdade, três vezes negarás ser meu discípulo antes de o galo cantar duas vezes","Se o seu rosto se esvaziar com a sua pele, você pode dizer que ambos os lados vão sorrir"
Ereî'apixabype amõno?,Feriste alguém também?,Você me disse onde é que eu estava?
Xe kuaukámo xe rubixaba supémo,Denunciar-me-iam ao meu imperador,Xe saberá xe rubixaba supêmo
Peró turusu-eté nde suí,Pedro é maior que tu,Perro turuso como seu suí
Aîpotá-te kûé kunhã-mendara mã!,"Ah, como desejo aquela mulher casada!",Eu só queria que o dia-a-dia fosse calado!
Xe pukusam,Eu fui peado,Xe pukusam
tĩmuku,"lit, tromba comprida, gorgulho, inseto coleóptero",irmã
"Ara yby sokeme, xe ruri","Quando fustigava o sol a terra, eu vim","Águas do mar, xe ruri"
Xe rekó-aé arekó,"Tenho meu modo de ser diferente , Oré rekó-rekó-aé oroerekó - Temos nossos modos de ser diferentes",Eu tenho que ter
"Okûabépe irã so'o, gûyrá?","Escaparão futuramente os animais, os pássaros?","O que é carne, não é?"
Ybakype îandé sorama monhanga,Fazendo-nos ir para o céu,Na praia está o sorama monhanga
Sesé Tupã resé bé o îerobîasápe,Por ter ele esperança nela e em Deus,Sesé Deus nos diz ou em sua serbiça
Xe asang,Eu sou rechonchudo,Cheguei à conclusão
Abáp'amẽ asé osenõî oîkotebẽmo?,"Quem, necessariamente, a gente chama, estando aflita?",Pergunto-me se será possível.
Ereîpotápe îandy-karaíba pupé ixé nde pixyba?,Queres que eu te unte com óleo bento?,Quer dizer onde é que está a sua pixiba?
Xe mba'ekugûab,Eu sou sábio,Não há nada
abo'o-bo'o,"escabelar, desfazer o penteado de, desgrenhar o cabelo de, etc",botão-botão
"Oîkobé xe pytybõanameté, tubixá-katu Aîmbiré, apŷaba moangaîpapara","Existe meu auxiliar verdadeiro, o grande chefe Aimbirê, o pervertedor dos índios","Há um pouco de escuridão, tubixá-tubixá-tubixá-tubixá-tubixá-tubixá"
ybyrakytĩabusu,serra braceira,abuso marítimo
E'ikatu bépe amõ 'ara pupé amõme asé tara?,Pode também tomá-lo algumas vezes em outros dias?,Você pode fazer o que eu quero?
Mamõ nhẽ kanhẽ-motara i py'a îaîporaká,O desejo de sumir para longe enche seus corações,Mão de gato-motara com pernas bem fechadas
A'e iî abaíbymo abá supé xe ro'o 'u,Mas seria difícil para as pessoas comer minha carne,Eu disse que eu tinha um pouco de sué no chão
I por nde rygé,Está cheio teu ventre,Eu por ti
Aîpokupé-petek,Esbofeteio as costas de suas mãos,Quatro-quatro
"Eîmoîar, eîmoîar ybyrá îoasaba resé","Prega-o, prega-o na cruz de madeira","Sente-se, sente-se à beira do rio"
N'aîkuakubi mba'e,Não omiti nada,Não se preocupe
Abá resé nhoamotare'yma rerekouká abá supé,Fazendo as pessoas terem ódio umas das outras por causa de alguém,Abá você sabe que você tem abá supé
Îandé-te îapyk umẽ senõîa,Mas que nós não paremos de chamá-la,É apenas um pouco mais do que um senão
Asekobîarõ seîmbaba i xupé,Troquei-lhe uma criação,Aguardo por todo o dia
"Tupinakyîa, keygûara, tĩapyra moroupîara","Tupiniquins, habitantes daqui, espiões inimigos","Santa Cruz, Santa Cruz, Santa Catarina"
"Xe reté ã n'oîkoetéî, omembeka","Eis que meu corpo não está disposto, amolecendo","Xe país não existe, lembrou"
Apysá-îtyk,Lanço puçá,Eu fico com raiva
Ereîmombe'upe kunhã resé nde pokó-pokokagûera abá supé?,Contaste para alguém que tu ficaste passando a mão em mulheres?,"Por favor, diga-me o que aconteceu na sua casa de banho?"
I apaîé - Ele está maduro I apaîegûasu,Ele está muito maduro,Ele está maduro - Ele está maduro - Ele está maduro
Îaîuká memẽ aîpó 'îara,Matemos juntos o que diz isso,"""Não me esqueço de nada"""
"Osem okarype, oîase'o-asy-katûabo","Saiu para o pátio, chorando muito dolorosamente","Osem em choro, quer-se-doer-capacidade"
i nambi mondoka,arrancando sua orelha,o seu nome foi roubado
Missa mondykápe épe ereîké îepi?,É no final da missa que entras sempre?,Na Missa da Missa você pode dizer isso?
"Nde reroŷrõ, nde mombóne","Odeiam-te, expulsar-te-ão","Se você não estiver, você vai ficar longe"
Kó a'e xe kyre'ymbaba oîkuá morapiti,Eis que esses meus valentões sabem assassinar,Eu sou um xeirymbaba que pode ser morapiti
aîpi 'y,licor de aipim,Eu estava lá
mbaba,mortandade de gente,caráter
Iîabaíbeté aîpó!,Isso é muito difícil!,Eu estou muito feliz!
Asó ybyrá piaramo,Vou como catador de madeira,Na praia da praia
Na mba'e 'u potá ruã aîur,"Não querendo comer, venho",Não há nada de bom para mim
T'orobasẽne ybakype,Havemos de chegar ao céu,Você vai cair no chão
Nd'e'i te'e moxy onhana oîoa'o-marangatûabo,"Por isso mesmo as malditas correm, insultando-se muito umas às outras",Não diz que a moxy vai para o local de beleza
Erepokokype nde rapopé resé i pipekábo?,"Tocaste nas tuas pudendas, abrindo-lhes a pele?",Você está brincando com o seu roupão?
Aroîyb aoba,Amainei a vela,Aroyb em árvores
miapé îyba,o assar do pão,minha mãe
Anhe'angepîak,Vejo meu reflexo,Eu olho para você
ygara rokabytera,convés da embarcação,abobrinha da árvore
Aî'ybab,Podei-a,Eu tenho dois filhos
Oporoîrarõ mbá,Irritam completamente as pessoas,Quando ele se apaixona
Se'yî i kuabypyre'yma Tupã i monhangara remingûaba nhõ,"São muitos os não conhecidos que Deus somente, o criador deles, conhece",Se'yî i sabêry já Deus i robhangara reminguava
I mba'epepe i nhybõû?,Em que parte do corpo ele o flechou?,Com o que é que ele se apaixona?
Sasy xe akanga xe suí,Dói-me a cabeça,Sasy xe akanga xe suí
Gûyrá taté u'uba sóû,Para outra coisa que não o pássaro a flecha foi,Gûra é um incêndio
ta'yrĩ-rĩ,muitas coisas miúdas,meninos
"Abá abiã é o a'yra ogûerekó-katu, memetipó Tupã asé raûsubáne","Pois, se um homem guarda seu próprio filho, quanto mais Deus compadecer-se-á de nós","Abá abiã é o filho possui-se-á, o filho de Deus será o primeiro soberano"
Rerityba,"""ajuntamento de ostras"", nome de um lugar",Reritiba
"Eîori, mba'enem, mba'e-poxy, tamarutaka!","Vem, coisa fedorenta, coisa nojenta, tamarutaca!","Eíori, o queenem, o que-poxy, tamarutaka!"
Asé aé oîemoabangá i mborypa,"A gente mesma acovarda-se, consentindo-o",Não há dúvida de que estão com sede
anhẽ rakó!,certamente! sem dúvida! assim é! tem razão! é verdade!,Eu estou com raios!
Aîuká ipó irãne,"Matá-lo-ei futuramente, com certeza",Eu tenho o seu companheiro
y-îebyra,remanso d'água,Águas-vivas
Pe apysykĩ serã peîkóbo te'õ repîakare'yma rame'ĩ?,"Será que estais sossegados, como os que não vêem a morte?",Será que será que o calor vai ser tão alto quanto o preço?
Aî'apirabo'o,Eu lhe pelo o couro cabeludo,Eu tenho um pouco de medo
anhurĩ,gargalo fino,eu procuro
Nd'e'i te'e abá mondá iî aîubykypyramo oîkóbo o mondarõagûera repyramo nhẽ,Por isso mesmo o ladrão é o que deve ser enforcado como pena de seus roubos passados,Não disse que jamais roubaria se estivesse perto do local
taîasu remi'uru,cocho de porcos,Câmara Municipal
Aroker aoba,Durmo com roupa,Arco-ribeirão
Ereîpotápe nde nhemoîasuka?,Queres teu batismo?,Onde você quer se juntar?
Aîmomburu'a,Fi-la engravidar,Eu me afastei
Sekó-nhemima monduîa,Fazendo vir à tona seus atos escondidos,Seco-nhemima mundinha
T'asabeypóne 'ara mokanhema,Hei de me embebedar para perder o juízo,"""Você vai passar o dia todo"""
"Serobîasare'yma potyrõû, iî ybõîybõmo","Os que não criam nele trabalharam em conjunto, ficando a flechá-lo",Serobínias já estão bem fechadas
I nhe'engasy n'opabi,Suas palavras ásperas não cessam,Estou doente de não comer
Aûîé aîub,Estou bem Aûîé aîkó - Estou bem,Eu sou o meu pai
Aûîé nipó! Kasianamo t'aîkó,Muito bem! Hei de ser castelhano,Eu sou o meu neto!
"Morubixaba tuîba'e onhe'eng memẽ i xupé, senonhena, i akakapa","Os chefes velhos falam sempre a eles, repreendendo-os, censurando-os","A mãe de Morubixaba encheu a cabeça de seu xupé, senonhena, cabeça"
y-akã,braço de rio,cabeça de água
Eîori i momosema,Vem para persegui-lo,Eíori i momosema
kûarasy sembaba,"a saída do sol, o nascer do sol",doença sembaba
"Erobîá, xe rubangab, ta nde moembiá kori","Acredita, meu padrinho, hão de te apresar hoje","Erobîá, xe rubangab, faça o que quiser"
Xe apyri tuî - Ele mora a meu lado O îoapyri oré roka ruî,Nossas casas estão estabelecidas uma junto da outra,Xe perto do velho - Ele dorme a meu lado
"Oîabab i xuí, seîá","Fugiram dele, deixando-o","Há bab e xuí, seîá"
"Ara pab'iré, i moingobeîebyri-ne","Após acabar o mundo, fá-los-á voltar a viver","No final do ano, será necessário"
Nãmo oroapin,Rapamos nesta medida,Não vamos parar
Aru-pab,Trouxe todos,Aru-pab
u'ubá-tyba,ajuntamento de canas-de-flecha,uubá-tuba
akanga îepotasaba,as juntas da cabeça,que não é possível
Aîkoé,Sou diferente,Eu sou
Asé monhemombegûabo,Confessando a gente,Assemelho-me ao monhemegóbio
Nde erimba'e xe pysyrõ îepé,Tu outrora me salvaste,Se o seu irmão está bem
Akanhẽ-kanhem,Andei sumido,Akanhẽ-kanhem
A'ypîasó,Vou buscar água,Eu quero ser o primeiro
xe potaba,minha herança,é potaba
Sekoaba nhẽpe?,É o modo de ser deles?,Em Sekoaba?
T'orosaûsu îandé ruba,Que amemos nosso pai,T'orosaûsu îandé ruba
Ka'abo asó,Vou à caça,Cabos azuis
"O sy rygépe o pitanga reropytá îabé, t'opytá pe pupé",Que ele fique dentro de vós como fica com seu estado de feto no ventre de sua mãe,"Para a mãe pedem que se mantenha em pé, que se mantenha em pé"
Irõ bé!,Enfim de volta!,Muito bem!
Mba'e resépe ereîur xe remiaûsukatu gûi?,"Por que vieste, ó meu muito amado?",O que é que você acha que é possível fazer com o seu xe?
Herodes meémo ikó oîme'eng te'õ supé i angaîpaba kuapa,"Herodes teria entregado este à morte, conhecendo suas maldades",Herodes se apaixonou por seus pecados
"Kûesé, karaíba ri i pokoki","Ontem, aos brancos deram combate","Kûesé, karaíba ri e pokoki"
Mba'e-mba'epe asé suí i pitubypyra?,Que deve ser ungido de nós ?,O que é que eu faço com o meu filho?
Aîmombor ybype,Lancei-o no chão,Eu fiquei no mar
Nd'e'i 'ara,Não está dia,Não disse 'ara'
Sa'ĩ xe îukae'ymi,Apenas não me matou,Um pouco de silêncio
Akó xe remiybõmbûera?,Esse é o que eu flechei?,Quando é que o ônibus vai parar?
"Peîori pitanga gûabo, kunumĩ mokona mbá","Vinde, para comer a criança, engolindo completamente o menino","Peiri pitanga gûabo, cúpula de duas cabeças"
Xe rarûab,Frustrei-me,Xe rarúab
"Esepenhan, Saraûaî!","Ataca-o, Sarauaia!","Essepenhan, Saraúaí!"
"Eresaûsubarype i mba'easyreme, satá-á","Tu te compadeceste deles quando eles estavam doentes, tirando-lhes fogo?",Eresaûsubary em caso de doença
"Mokõî oîoirundyk oito 'ara sykeme, i 'apira mondoki","Ao chegar o dia oitavo , cortaram seu prepúcio","Ambos estavam na morada de oito 'ara sykeme, e 'apira roboki"
Xe resá-ynhusu,Eu tenho olhos esbugalhados,Xe resá-inhusu
Apindó-pûaî,Mandei fazer palma,Embaixador
Aûîebé-temo xe nupãû anhe'engĩmo,"Ainda que me castigasse, eu falaria","No dia-a-dia, quando o xeiro chega, eu vou ficar maluco."
Akopîasó,Vou à roça,Eu vou copiar
Mba'epe ké kanindeoby îasûara?,Que há aqui semelhante a um canindé azul?,Em que canindeoby é hospedado?
Og uba rupi ahẽ resatingamo,Ele tem olhos claros como seu pai,Por causa de og uba eu vou resating
Abá ra'yrape nde?,Filho de quem és tu?,Você é filho de Abá?
"Erenhe'eng-aparatãpe abá supé, i moroŷrõmo, i moporoamotare'yma?","Falaste duramente a alguém, irritando-o, fazendo-o odiar as pessoas?","Será que o seu aparelho será superado, ou será que ele vai morrer, ou será que ele vai morrer?"
"Kuîa nhẽ i tĩ-ngá-tĩ-ngábo, ereîanga'o abá","Das cuias ficando a quebrar as pontas, afrontaste os homens","Cachoeira com nariz-de-cabeça-de-cabeça, imagem abá"
Oromoeté-katu nde xe pysyrõagûera resé,Louvo-te muito por me teres salvado,Oromoeté-pode-se que o seu xe tenha sido salvo
Ereîe'aîtykype kunhã amõ supé?,Acenaste com a cabeça para alguma mulher?,"Por favor, diga-me brevemente, onde é que eu vou?"
Ne'ĩ xe atuasar,"Eia, meu aliado!",Não se deixe atrapalhar
Pene'ĩ pesóbo,Sus! Ide!,Coloque o pesóbo
Na xe îáî,"Não está em conformidade comigo, não é igual a mim",Não há nada
Oré moingobé îepé,Faze-nos tu viver,Ele está muito bem
Asendubaíb nde nhe'enga,Entreouvi tuas palavras,Ouço a tua voz
Tupã moîerekûapa,Aplacando a Deus,A existência de Deus
Eresem ymã putunusu suí,Já saíste da grande escuridão,Eresem antigo putunusu suí
Emogûeb tatá,Apaga o fogo,Queimem o fogo
Aîakangeky-ekyî,Fiquei-lhe puxando a cabeça,Eu tenho raios
Apŷá-serokypyra kó 'ara oîmoeté,Os homens batizados honram este dia,Sem ser-serokypyr esta 'verdade'
Mba'eramo i moîa'okypyra rekóreme,Por ser coisa que deve ser dividida,O que aconteceria se eu fosse um menino
Xe îagûareteporu!,Eu sou um jaguaretê comedor de gente!,É muito bom usar!
Xe nhe'ẽrueru,Eu sou gago,Xe não gritou
amõneme nhõ,raramente,Eu dou-lhe um bocado
so'o ma'e'ĩndaba,"lugar de vender carne, açougue",carne não foi amassada
Ybakype i xoagûera rerobîá,Crendo na sua ida para o céu,No mar e na sua xoagûera roubamos
N'aîmopanemi tupãoka,Não falto à igreja,Não se preocupe com a igreja
nde rokype oîkébo,entrando em tua casa,em seu braço
tupinakyîa keygûara,"os tupiniquins, habitantes daqui",mãe do seu pai
"Oîké îugûasu, i akanga kutuka","Entram grandes espinhos, espetando sua cabeça","Existem lágrimas, lágrimas"
Mobype a'e asé rekomonhangaba?,Quantos são os mandamentos dele à gente?,Como é que eu vou falar com você?
Xe moobaybaka,Fazendo-me erguer o rosto,Xe moobaybaka
"Akûeîme apytá memẽ nde pyri, ybytyrapûápe","Antigamente eu ficava sempre junto de ti, no alto do morro","Sinto-me em seus pés, no meio do mar"
Memẽ nhẽ moxy îandébo marã e'i-memûã-memûã,"Sempre os malditos para nós dizem maldades, mui perversamente",Introdução a moxy indébo para e-e-e-e-e-e-e
N'aîari kó sekó-angaturama,Não acato essa sua boa lei,Não houve este segó-angaturama
Nde resé te'õ n'osyki,De ti a morte não se aproximou,Dizes que não vais ficar doente
Asykûera aîasy'ab,Cortei um pedaço,Eu estava muito triste.
nhau'umoka,casa de barro,nhau'umoka
Anhemongatyrõ,Enfeitei-me,Eu guardei
Oré rysy,Nós estamos enfileirados,Nosso riso
Iesus boîá ã ikó,Eis que este é discípulo de Jesus,Jesus bateu no chão
Aîepoká-poká,Fico-me espreguiçando,Eu posso-tudo
Aûîebeté ereîkó xe îar-y gûé!,"Que bom que existes, ó meu senhor!",Eu só vou dizer que é quente!
Abámo mba'e-katu 'uagûera n'oîkuabi xûé sé katûagûera resé o esaraîamo?,"Quem não saberia ter comido algo bom, esquecendo-se da excelência de seu sabor?",Mas o que é que a água não pode ser cortada se a água não for cortada?
Xe rebykatãgûasu,Eu estou muito empanturrado,Xe de justiça
Sesé oma'enduaramo,A respeito dele lembrando-se,Sesé olhando
Aîkurá-kurab,Fico-o chacoteando,Eu curara-kurab
A'eboé tuî,"Está muito a propósito, está sem mais nem menos",Eu sou um velho
kó amoaé,este outro,Eu fiz isso
itangapẽ-mbora,"marca de espada, sinal de ferimento com espada",sua reputação
amõ amõ santos,alguns santos,eu amo os santos
Iîá muru senonhana!,Ainda bem que o faz correr consigo!,Ele vai para o muro senonhana!
A'eîbé Pilatos supé oîerekûabamo,Bem nesse momento perdoou a Pilatos,Não sei se Pilatos supé existe
ygá-pype,na parte de dentro da embarcação,em casa
Xe pytu-muku,Eu tenho fôlego comprido,Xe vento-muku
Xe îase'opyoú,Eu estou rouco,Ele quer fazer banho
"Oîposanong i nambi atõîa nhote, aûnhenhẽ i monga'ẽmo, i moîepotá","Curou-o, somente tocando sua orelha, imediatamente fazendo-a sarar, colando-a","Põe-se o seu nome na coleção de vocês, eu vou dar o meu nome, eu vou dar o meu nome"
tykuba'e,"o que é líquido, o que é ralo",irmã
"Moraseîa é i katu, îegûaka, petymbu","A dança é que é boa, enfeitar-se, fumar","Moraria é a sua vez, é a sua vez, é a sua vez"
kaûĩ ratá,"fogo do cauim, isto é, com que se coze o cauim",mata de floresta
Aytarõ,Farto-o,Esperando
ambé-aîó,bolsa do abdômen,eu estava com ele
Asepy-sepyk,Fiquei falando em favor dele,Agradeço-te
Pysaré kó i kere'ymi,Eis que a noite toda ele não dormiu,Vai durar pouco tempo
Ererobîarype paîé porapiti mo'anga'uba?,Acreditas no pajé ao fingir assassinar as pessoas?,O que é que você está fazendo com as imagens?
A'e 'ara îepubur'iré a'ereme karaibebé ruri,"Após aquele revirar-se do mundo, então os anjos vêm","Eu disse: 'No dia em que eu me aperfeiçoarei, vou ver o Sr. Bebé no hospital'"
Aûîebé-te asó,Debalde vou,Eu só vou para casa
Mba'easybora repîaka,Ver os doentes,Excesso de energia
"O a'yra, o embiaûsuba omoporabykyba'e",O que a seu filho e a seu escravo faz trabalhar,"O filho, o embiaûsuba utilizou a pesca"
tapi'i-kaba,gordura de vaca,homem-caba
kûeîpe suí,"de alguma parte, dalgures",na boca suíça
Xe ky'a,Eu estou sujo,Ela é velha
Tupãoka suí i mosemymbyra,É o que deve ser expulso da igreja,Deusoka suí e filha
itamaraká-mirĩ,"sineta de mão, sinozinho manual, campainha",imagem-irmão
Kunhã kuauká i mena supé,Acusando uma mulher para seu marido,O que é sabedoria sobre a sua supê
Xe rekó-aé arekó,Tenho meu modo de ser diferente,Eu tenho que ter
"Ereîeîuru-mopiningype, abá supé epukamirĩamo?","Pintaste-te a boca, sorrindo para os homens?","Diga-me ao meu amigo, será que ele vai sorrir?"
Gûyrá koîpó îagûara nhe'enga supé morangygûana o'îabo,Dizendo que um canto de pássaro ou um urro de onça são agouros,"No dia seguinte, o Supé Branco foi inaugurado."
Abá mondarõagûera o'uba'e koîpó og okype ogûerasoba'e,O homem que come objeto de furto ou que o leva para sua casa,Abá roburagüeira bateu na chuva
"Xe 'ang - Eu tenho abrigo, eu estou abrigado Xe 'ãngatu","Eu tenho bom abrigo, eu estou bem abrigado","Xe 'ang - Eu tenho abrigo, eu estou abrigado Xe 'ang"
Aîuká-matutenhẽ,"Matei-os muito, fiz matança",Eu sou muito forte
Emonãnamope Tupã îandé rubypy arukanga nhẽ apóû semirekóramo?,Por isso Deus transformou a costela de nosso pai primeiro em sua esposa?,Não podemos ver Deus em nossas mãos quando somos filhos de Deus?
"Eresópe abá îeky-'ye'ẽ supa, i pora rá?","Foste para revistar as cisternas de água doce de alguém, tomando seu conteúdo?","Em Erosope, há um pouco de sopa, por favor?"
Xe rekoruînhẽ,Eu estou adoentado,Por volta da tarde
kopûera,"roçado antigo, onde o mato cresceu de novo",abóbora
Abá-angaîpabĩ takó mba'e-katu ogûerekó xe suí mã!,"Ah, um homem pecador há de ter mais coisas boas que eu!",Não há imagens que possam ter um xe suí mau!
Kó-tene i îaeté,Este é o máximo,Esta-tene é muito forte
Aîtyk ygara,Lanço [à água] a canoa,Aí está a chorar
"Oîkuakumo amõ abá tekopûera oîepé'ĩ nhõmo, Tupana n'i nhyrõî xómo","Se alguém escondesse os atos passados uma só vez, Deus não perdoaria","Cresce no local onde a humanidade está, onde a Tupana n'i nhirém"
Mamõpe i xóû o mba'e'u-pab'iré?,Aonde ele foi após acabar de comer?,Para onde é que ele vai para o restaurante?
"T'oré pyatã, angá, mba'e-asy porarábo","Que sejamos corajosos, sim, suportando as coisas dolorosas","Tristeza, falta, doenças curativas"
"Adão, oré rubypy, oré mokanhemeté","Adão, nosso primeiro pai, fez-nos perder verdadeiramente","Adão, nós somos ruby, nós somos apenas dois"
y-eté,água doce,água
Supixûar ikó paîé-angaíba,Este pajé ruim tem um espírito protetor,Supixûar dorme paê-manaíba
"Nde ereîemosusuni, oré moingobé-potá","Tu te agitaste, querendo fazer-nos viver","Você não nos vai embora, nós queremos ir embora"
Mba'epe sepyrama?,Qual é o preço delas?,Para o quê?
Osó nhẽmope asé ybakype o nhemongaraibireme?,"Iria a gente para o céu ao batizar-se, sem mais?",Ele vai para o fundo do mar ou vai para o fundo do mar?
Xe anama xe mbouri,Minha família fez-me vir,Exercícios de saúde
Kó abá semirekó abé opá o mba'e mombabi,Esse homem e sua esposa também fizeram acabar todas as suas riquezas,Esta abá semê-lo abé é tudo o que eu adoro
Asapûapin,Aguço-a,Escolhi-me
gûaîbĩ-marã serã-serã,velha muito maldosa,Serra-do-mar
Eîori nde retamûama repîaka,Vem para ver tua futura terra,Eori seu país já vale a pena
Sesé orosó,Vou com ele,Sesé deslizou
Xe anhanga moropé,Eu sou o diabo esquentador de gente,É uma imagem branca
ka'a-pa'ũ,"ilha de mato, CAPÃO",grão-doce
"Mba'e-akuba, mba'e-robeté tukutuku okûapa","Estando a destilar coisa quente, coisa muito amarga","O que-akuba, o que-robete da moto está acontecendo"
Nde resé serosypyra,Os que estão achegados a ti,Você diz serosypyr
Nde 'anga osapy satá,Queimou tua alma o fogo dele,Sua imagem se espalha por satã
Eropytá nde boîá'ĩ orébo,Fica com teus suditozinhos junto de nós,Mantenha-se em paz
Peîori sapirõagûama resé pe pupé seîkéreme,Vinde para pranteá-lo ao entrar ele em vós,Seja saboreado e diga ao seu filhote
"Nd'e'i te'e oá nhote i xuí, nd'i pekábo ruã","Por isso tão somente nasceu dela, não lhe fazendo rombo","Não disse que quer ir ao seu juí, não há pecado"
T'îasó maranatãûãme o îoupé oîobaúpa?,"Havemos de ir à dura guerra, cara a cara uns contra os outros?",Será que há alguma coisa na margem do mar?
Pitanga robá sesãî i xupé,O rosto da criança está alegre para eles,Pitanga rouba seisânia em xupe
Xe pûeraî mbyté,Eu estava ainda cansado,É um pedaço de terra
ugûera,quarto traseiro que se parte de um animal ou de uma pessoa,outra
ta'yrypy,"primeiro filho do homem, primogênito",crianças
Nde resé i pûaragûera moasŷabo,Arrependendo-se ele de ter batido em ti,Você diz que tem uma paixão incrível
Nde 'anga sepy-etéba'e,Tua alma é o que tem muito preço,A tua imagem é muito bonita
Omanõaibí abá o poraseîtápe bé,"O homem desanima, sem mais, de suas danças também",Morreu ferido
sapi'a'okypyra,castrado,espécie de espécie
Asem,Mudo-me,Eu faço isso
Aporero'ar,Salteio,Eu perguntei
Abápe asé sumarã?,Quem é o inimigo da gente?,Onde vou para o sumário?
Xe typa'am,Eu tenho cálculos renais,Ele é muito simpático
"Nde pó gûyrype oroîkó, nde resé oroîekoka","Sob tuas mãos estamos, em ti apoiando-nos","Se estiver na tua mão, o teu rosto vai sair"
o apixara rerekoaíba,maltratar a seu próximo,ou apixara você tinha
N'aker-angáî sekasápe,"Não dormi, absolutamente, para procurá-los",No chão
"Nde atybak, nde resá-popybo ema'ẽmo, epukamirĩamo, eîepokábo tenhẽ","Tu voltas o rosto para trás, olhando com a ponta dos olhos, sorrindo, espreguiçando-te","O seu pequeno-almoço, o seu brilho, o seu olhar, o seu sorriso, o seu olhar"
"Aîpó e'ymeté, ko'arapukuî, pysaré nde maînanĩ nde 'anga resé-ne","Sendo isso assim, o dia todo e a noite toda tu cuidarás de tua alma","Se você quiser comer, hoje, vou segurar a sua mão no seu rosto"
Tekatueté mã!,"Ah, que atrevido!",Silêncio da natureza!
inhanhã,cavidade dela,iluminação
Xe reté-piring,Meu corpo treme,Xe reté-piring
Eîori t'eremondó xe suí tekoangaîpaba,Vem para que faças ir de mim a maldade,Eíori Teremundó xe suí da cultura
Nde arũaípe nde rapixara 'arybo eîupa?,"Tu foste chocarreira, estando deitada sobre teu próximo?",No seu calendário o seu rapixara 'ário é você?
Pe 'angyme oîkeba'epûera,O que entrou em vossas almas,O 'anjo está em você'
A'e pe mopyatã,Ele vos fortalece,Eu sou o sorriso
Aîeîuká-ukar,Faço-me matar,Eu estava com um pouco de comida
a-pixapaba,ferida da cabeça,a-pixapaba
Xe apebĩ,Eu sou rechonchudinho,Estou muito perto
"Nde rera rendupa abé, Anhanga ryryî okûapa","Tão logo ao ouvir o teu nome, o diabo está tremendo","Se a tua orelha estiver abelha, a orelha de Anhanga está caindo"
o apixara reîmbaba îagûara remimomosẽgûera,o que perseguiu o cão de seu próximo,O apixara todos os dias de festa
-Mba'epe aûîeramanhẽ serekopyrama ikó 'ara pupé? -Aani ã biã - Que é o que será conservado para sempre neste mundo?,Nada,- O que é que será conservado para sempre neste mundo?
Aygapukuî,Remo,Atividades
Yby rupi bépe sugûy syryki?,Pelo chão também escorreu seu sangue?,É por causa da chuva que o bebê se curta?
Nd'e'ikatuî abá îuru Anhanga ratápe tekó-asyeté mombegûabo,Não pode a boca de ninguém contar as coisas muito dolorosas no inferno,Não é possível chegar ao Anhanga devido à doença
ypîasoara,o que vai buscar água,abobrinha
"Sepyápe, ereîakasó","Em reparação disso, mudaste-te de aldeia","No fundo, você dirá"
Emonã ûĩ sekóû,Essa fez assim,Vimos um silêncio
"Oîepé-ĩombé, nipó, i angaîpab amõme é","Um ou outro, porventura, foi mau alguma vez","Qualquer que seja o problema, meu tio, o meu irmão é o meu pai."
Asapy,Queimo-o,Estou a dormir
Oporombo'e-a'u Tupã nhe'enga ra'anga,Ensina falsamente as pessoas a provarem a palavra de Deus,Ensinou a imagem de Deus
Eresó ûĩ,Eis que vais Vais,É gritante
Anhanga o îaramo sekó potare'yma,Não querendo que o diabo esteja como seu senhor,Anhanga se encontra em situação de escuridão
îandé ma'enduaramo,lembrando nós,quando alguém ouve
Abápe opytá a'epe?,Quem ficou ali?,Onde é que eu vou ficar?
"T'oroîtyk oré poxy, paîé rerobîare'yma, moraseîa, mbyryryma karaimonhanga ndi","Que lancemos fora nossa maldade, não acreditando nos pajés, em danças, rodopios com feitiços","T'oroityk é poxy, final de semana, branco, muito longe de karaimonhanga"
"Missa mondykápe épe ereîké îepi, nde îesûere'yîpe","É no final da missa que entras sempre, manifestamente consciente?","Na missa de louvor você pode dizer, em seu jeito"
Tekokatueté rerekoara o emimotarybo é i mba'ee'ymba'e,O que tem a bem-aventurança é o que é pobre por sua própria vontade,Capacidade de ser rico ou emimotarybo é um animal
"Eresaûsubápe nde sy nde ruba i mba'easy tume, sesé nde morerekoaramo?","Tens compaixão de tua mãe e de teu pai quando eles estão deitados, doentes, sendo responsável por eles?","Quando a sua mãe foi hospitalizada por uma doença tumoral, quando você morreu?"
"A'eboépe Tupã rasara Tupã rari amõme, îepi?",É certo que o comungante comungue algumas vezes sempre?,"Eu acho que Deus deu um golpe ao rei de Deus, não é?"
Erur 'y ixébe,Traze água para mim,Erur 'y ixébe
O îoybyri se'õmbûera paranã ybyri i kûáî,Lado a lado seus cadáveres ao longo do mar estavam,Ele gritou para todo o lado para o lado de fora
I xy n'i membyrasyî,Sua mãe não teve dor de parto,Minha filha não estava doente
I 'ã i 'ang xe retãme xe rekoagûera ixébo,Vem-me à memória minha vida passada em minha terra,O 'ang'o xe no país é uma cultura xeibó
Marã e'ipe Pilatos serekoaretá supé?,Como disse Pilatos aos seus aprisionadores?,Ou será que Pilatos tirou o carcereiro supé?
"Aîpó kuapamo, ereîmorambûé Tupã nhe'enga abyrambûeramo","Sabendo disso, impedirias a transgressão da palavra de Deus","Quando estiver solto, venere Deus quando estiver solto"
Oîoirundyk îeapyká sykápe,No transcorrer de quatro gerações,Morre uma criança que se apaixona por sua mãe
"Temone ko'yr Anhanga ratá pora, abá amõ opu'ama iké îandé re'yîpemo","Oxalá agora alguma pessoa, habitante do fogo do inferno, levantasse aqui na nossa multidão","Temone da manhã Anhanga ratá pora, abá amá já se levantou em seu sonho"
Ko'ẽme gûemi'urama resé onhemosaînana,"De manhã, cuidando de sua comida",Amanhã vamos ter um pouco de tempo para ver o que se passa
T'ereîuká ixébe paîé-aíba supé,Que o mates para mim diante do pajé ruim,Teresê no seu último dia-a-dia
y-mombukaba,sangradouro de rio,Y-mombá
"Oîá nhote kagûarape, marã?","O que bebe somente na medida, que acontece?","""Você quer ir para a floresta, meu?"
mangaby,licor de mangaba,mangaby
marã-te-p'iã-ne?,"E, pois, como há isto de ser?",Será que você vai se apaixonar?
mokõî îasy,"por dois meses [lit, duas luas]",Duas pessoas doentes
T'aîpobu kori ygasaba,Hei de mexer hoje as igaçabas,Seu irmão kori ygasaba
Perobîar-y-tepe aé Tupã?,Mas acreditais realmente em Deus?,Será que Deus está no céu?
Asendu-potakatu,Folgo muito em ouvi-lo,Ouvi-me muito
pobandara,"o que fia , fiandeira",pobandara
Marã e'ipe Îandé Îara og obá petekarûera supé?,Como disse Nosso Senhor para o que esbofeteou seu rosto?,Será que você vai sair de Îandé Îara e ir obá o seu supê?
Oré remi'u 'ara îabi'õndûara eîme'eng kori orébe,"Nossa comida, a que é de cada dia, dá hoje para nós","""Não se esqueça de nos dar o corrimão"""
miapepûera,o que foi pão,por mim
Opápe turi?,Todos vieram?,Onde é que você está?
"Cruz resé i moîari, i îeruresabo é","A seu próprio pedido, na cruz o pregaram","Cruz diz a sua morte, a sua ressabo é"
tining-atã,coisa mirrada ou muito seca,Tintinagem
Abápe aîpoba'e oîmomaran?,Quem desobedece àquele?,Onde é que eu vou me acostumar?
"O pó, o py, o yké kutukagûera bépe erimba'e ogûeropu'am?","Ergueu-se com as feridas de suas mãos, de seus pés e de seu flanco?","Com as mãos, com os pés, com as pernas, com as pernas, com os pés, com as pernas, com os pés, com os pés, com as pernas, com os pés, com as pernas, com os pés, com as pernas, com as pernas"
Ereîmombukype kunhataĩ amõ?,Desvirginaste alguma menina?,Você pode me dizer onde eu estou?
Oú tubixá-katu,Veio um grande chefe,Chegou tubixá-katu
osóbo bé,tão logo indo ele,continuou bem
Aî'apirungá,Machuco-lhe a cabeça,Companheiros
"T'oroîtyk oré poxy, paîé rerobîare'yma, moraseîa, mbyryryma","Que lancemos fora nossa maldade, não acreditando nos pajés, em danças e rodopios","T'oroityk é muito bonito, muito bonito, muito branco, muito longe"
A'epe bé ogûekokatu pupé o 'anga nongatusarûera oína,Ali também estando os que guardaram sua alma em sua virtude,Eu disse-lhe que é possível que ele tenha um pupé ou uma imagem que não é saudável
Mamõpe erimba'e te'yî-katupabẽ Îandé Îara rerasóû?,Para onde a multidão numerosíssima levou Nosso Senhor?,Para quem é que você vai dizer que é o caso de Îandé Îara?
Seroŷrõmo opakatu ikó 'ara pupé seroŷrõmbyra sosé,Detestando-os mais que tudo o que se deve detestar neste mundo,Serrinho dorme toda 'ara pupé serrinho é tudo calmo
y-tororoma,"jorro d'água, ITORORÓ, bica d'água",Y-tororoma
"Opûerab amõnyme, Tupã asé rerekokuapaba rupi é","Cura-se algumas vezes, segundo os desígnios de Deus para a gente","Ele se apaixonou por mim, por causa de Deus"
A'eba'e i moapysykypyramo sekóûne,Aqueles serão consolados,"Eu disse que se ele estivesse pronto, ele ficaria pronto"
Xe ryapûanusu,Eu fedo,Xe abóbora
Xe apy'am,Eu estava pendente,Ele está cheio de dor
Aîukatu,Acalmei-me,Eu posso gritar
"- Akó morotinga, i amandaba bé asé osepîak",A gente vê aquela coisa branca e sua redondeza também,"- Eu sou morotinga, tenho ordens para que continue"
"Sesé onhemonane'yma, oîabé sekó potare'yma","Com eles não se misturando, não querendo, igualmente, seu modo de ser","Sesé se amontoou, houve um pouco de escuridão"
"Taûîé pe poreaûsubagûama rapirõmo, peîemoangekoaíb peína","Pranteai logo vossa miséria, estai a vos lastimar","Na cidade de Poreaúso, se quiserem lutar, façam o que quiserem"
Abebé kó ybytu îá,Vôo como este vento,Abebé tem uma chuva
mbyru'apûera,calos já duros,abóbora
Xe akym,Eu estou molhado,Tem raiva
Aîerekoaibeté xe angaîpá-katu suí,Piorei muito de meu grande mal,Eu tenho um xe engraçado
"Ema'enãngatu xe ri, xe mbo'are'ym-uká","Vela bem por mim, mandando que não me façam cair","Emaenaguatu xe ri, xe ensinar-se"
Xe mene'õ,Eu enviuvei,Tremor de Xe
nãmo-nhõta'ub,pequeno como isto,Nãmo-nhõta'ub
Xe membyrakyrar,Abortei meu filho,É criança
T'asó aîpó nhe'enga mopó,Hei de ir para cumprir essas palavras,Tásso eu tenho que ir para o carro
N'i rambûé-mirĩî xûé aîpó tekorama resé xe nhe'engane,Não se hão de esvanecer nem um pouco minhas palavras acerca daqueles futuros fatos,Não se preocupe com o futuro da vida
"Xe moory-katu îepé, inã tekó mombegûabo","Tu me alegras muito, narrando assim os fatos","Xe moory-katu é mesmo, não há vida distante"
Asé rarõanamo-tepe karaibebé rekóû?,Mas os guardiães da gente são os anjos?,Será que vamos a casa do Sr. Bebé?
Ebapó ta peîkó pe îebyragûama resé ixé nde momorandube'yma pukuî,Ali ficai enquanto eu não vos informar acerca de vossa futura volta,Não se esqueça de ser o único que vai fazer a sua longa experiência
ypypûera,resto do tronco de árvore que fica na terra após o seu corte,na praia
Setá nhẽ ygasabusu,São muitas as grandes igaçabas,Setá nhê yagasabusu
Xe tekokuabar,Eu retomei o bom senso,É uma cultura
Setápe asé nhemongaraíbi?,A gente se batiza muitas vezes?,Como é que eu posso ser batizado?
Xe rekosûé-katu,Eu sou muito longevo,É um passeio
T'oropyk,Hei de cobrir-te,O teu coração
"Nd'e'i te'e oîoepîaka'upa, o karukasyramo","Por isso mesmo, tendo saudades um do outro, ficam tristes","Ele não disse se seria capaz, ou se pudesse"
N'asepîake'ym-a'ubi,Faço que não o vejo,Não se preocupe
Xe nhe'ẽpokarugûá-katu,Eu sou muito manhoso em palavras,Xe não se pode comer
Oré pysyrõ-te îepé mba'e-aíba suí,Mas livra-nos tu das coisas más,Nós só cuidamos de qualquer coisa suíça
A'ereme amõ aîukáne,Então matarei alguns,Eu quero que eu grite
Xe îá-xe îaó,"Eu estou chagado, eu tenho muitas chagas",Chega-se-a-chega
Oroerokûaka'ar,Levamo-los uns atrás dos outros,Nós ganhamos a comida
xe rerokarûera,meu padrinho,xe esperamos
Sekó-te i poxyeté,Mas sua vida é muito má,Continuou a ser muito pobre
Aîukámo mã!,"Ah, quem me dera o tivesse matado!",Eu vou ficar calado!
Ké turi îandé nupãmo!,Aqui vêm para nos castigar!,Não se esqueça!
Aîtyk nhe'enga sesé,Lanço palavras contra ele,Continuo a chorar
abá-ekoate'yme'yma,homem liberal,abá-me-compaixão
"Yby abé a'ereme onhemonguébo, oryryîane","A terra também, então, agitando-se, tremendo","Abelha de água que se despeja, se despeja"
Xe boîá,"Eu sou mediano, eu não sou grande nem pequeno",Xe booba
Asó-asó-a'ub,Finjo que vou,Asó-asó-a'ub
gûymaenhẽ gûixóbo,indo eu voando,gûymaen gûixóbo
pé pukuî,"ao longo do caminho, todo o caminho",muito longe
Eîembo'ebo,Ensinando tu a ti mesmo,Ensinem
Ikó aoba niã aûîé-katutenhẽ Tupãnemendarama,"Eis que esta roupa será, adequadamente, de feriado",Possui roupa para o dia-a-dia em Deusnemendarama
aani-xûé ipóne,não há de ser,aani-xûé longo
Eteumẽ kori marana rerekóbo xe resé,"Guarda-te, hoje, de ter guerra comigo",Éteume kori marana possui xe resé
Aretéreme i porabyky-potaryba'e mborypara,O que tolera o que quer trabalhar nos feriados,Arreterem-me o seu curto-potência para a fome
ahẽ pûapẽ-mbora,"a unhada de fulano, a marca das unhas de fulano",Eu vou para a praça de dança
T'okaî nde ratá pupé,Que queimem em teu fogo,Fecha a tua ratá pupé
Mba'epe ké kanindé-oby îasûara?,Que há aqui semelhante a um canindé azul?,Em que é que o kanindé-oby é hospedado?
Nd'a'éî saûsupa ranhẽ,Não o amo ainda,Não sei se as raízes são saudáveis
xe 'anga moingó-katûabo!,fazendo estar bem minha alma!,xe 'imagem moingó-cantoabo!
Iîamuru senonhana!,Ainda bem que o faz correr consigo!,O seu amor é senonhana!
Aîpepó-'ok,Arranquei as penas de sua asa,Eu estou de pé-'ok
Pilatos ybyrarerekoara supé i popûasaba resebé serasóû,"Levaram-no, com suas ataduras, para Pilatos, o governador",Pilatos vai ter supê e a população vai ser resebido
kunumĩ-etá,muitos meninos,Curiosidade
Oré rerekomemûãsara supé oré nhyrõ îabé,Como o nosso perdão aos que nos tratam mal,Nós temos que fazer o que é melhor para nós
O'u-eté-eté ahẽ mba'e,Ele comeu demais aquela coisa,Parece que vou comer alguma coisa
"Na pe apysáî, îandu, ikó taba apamonana","Não tendes ouvidos, como de costume, confundindo esta aldeia","Na minha respiração, sente, dorme taba apamonana"
Tekó-katu arekó,Tenho vida boa,A vida pode ser minha
Gûyrasapukaîa îabé ereîetu'u,Como um galo te deitas,Gura-sapucaí é difícil dizer
A'epe xe só îaramẽ,Como se eu fosse lá,Eu disse-lhe que só ia aprender
Mboîa Pedro îaîxu'u,A cobra mordeu a Pedro,Educação Pedro de Almeida
"T'orogûerekó, setãme, nde pyri, tekopuku","Que tenhamos, em sua terra, junto de ti, a vida eterna","A tua beleza, a tua beleza, a tua vida"
Nd'e'i te'e opá abá angaîbaramo-ne,Por isso mesmo todos os homens emagrecerão,Não disse que iria errar
Ene'ĩ t'asóne!,"Eia, que eu vá!",Não se esqueça!
Erimba'epe aîpó nde 'îaba ereîmopóne?,Quando cumprirás isso que dizes?,"Eu disse-lhe: ""Você tem alguma coisa a dizer?"
Aîeruré aoba resé Pedro supé,Peço a Pedro por roupa,Eu tive a oportunidade de ver Pedro supé
Xe pé-bur,Eu tenho casca erguida,Xe pé-bur
Mba'e-mirĩ resé aîpó o'îabo,Dizendo isso por pequenas coisas,O que é que eu posso dizer
Okûabépe irã so'o?,Escaparão futuramente os animais quadrúpedes?,Onde está a carne?
T'onhemonhang nde remimotara,Faça-se tua vontade,T'hemonhang seu remimotara
Na xe rosangi,Eu não tenho resistência,Na xe rosangi
"Xe mopyatã îepé, t'apu'am muru resé, aûîérama i moaûîébo","Faze-me tu valente, para que eu me oponha ao maldito, para sempre vencendo-o","Chegou o dia em que eu me sentia bem, cheguei o dia em que eu me sentia mal."
itá repoti,escória do ferro,rocha repoti
Okuî rakó amũme ybarambûera o 'yba suí ybotyramo oîkóbo bé,"Caem, às vezes, os frutos das suas árvores, sendo ainda flores",Criação de um balcão na margem do mar
Mobype a'e Tupã?,Quantos são esses deuses?,Como é que eu sou Deus?
Gûaîxará t'osó tatápe,Que vá Guaixará para o fogo,Guitarão em chamas
Îuky-karaíba oîmondeb nde îurupe ta se'ẽngatu Tupã nhe'enga i xupé,Sal bento pôs na tua boca para que seja muito saborosa a palavra de Deus a ela,Îuky-karaíba está montado em seu cerne para que Deus possa abençoá-lo
Aî'apurupã,Dou-lhe pancadas na cabeça,Eu sou um homem.
Tekokatu angagûara Tupã sy-angaturama,A que cuida da virtude é a mãe de Deus bondosa,A natureza sagrada da Madre de Deus
"Anhemombe'u ndebe, pa'i abaré setá nhẽ xe angaîpagûera resé","Confesso-me a ti, senhor padre, por causa do meu pecar muitas vezes","Eu te digo, padre abere setá nhê xe enganpagüeru você"
T'a'u pá Îakaregûasu pepyra!,Hei de comer todo o banquete de Jacaré-guaçu!,Come com a mão da Igreja!
Arokakar xe rekobé-etérama re'ĩ,Hei de me aproximar de minha futura e verdadeira vida,Eu viajo de ônibus sempre que estiveres
I kuakubypyre'yma i nhyrõngatu i xupé,Os que não são escondidos perdoa bem a eles,O seu cucubeiro está no chão e seu filho está no chão
"Xe pó gûyrype arekó kunumĩgûasu-angaîpaba, tunhãba'e-kakuaba","Sob minhas mãos tenho os moços pecadores, os velhos crescidos","Na minha mão de trás tenho uma camisa-de-cabeça, camisa-de-cabeça"
"Tó, inã îepé ra'e!","Oh, então assim é, na verdade!","Então, não era assim!"
Eîmombe'u-katu Tupã ra'yramo nde rekó orébe,Confessa bem a nós que tu és o filho de Deus,Diga-me se você é filho de Deus
Yby abé a'ereme oryryîane,"Tremendo, então, a terra também",Abelha de água que quer que saia
"Okuî rakó amũme 'ybarambûera o 'yba suí 'ybotyramo oîkóbo bé, amõ rakó ogûakyra pupé i kuî, amõ rakó ogûaîub'iré i kuî","Caem às vezes os frutos de suas árvores, sendo ainda flores, outras vezes em seu estado verde, outras vezes após amadurecerem caem","Caminhou em direção à praia de 'baramburuera' ou 'yba suí 'se quisesse que estivesse bem, em direção à praia de curta distância, em direção à praia de curta distância."
mbo'yrysy,cordão de contas,curso
Okeretápe se'õmbûera?,Dormiu demais seu cadáver?,Ele escreveu em qualquer lugar?
Osobá-syb aó-tinga pupé,Limpou seu rosto com um pano branco,Osobá-syb aó-tinga pupé
To'o suí mirra moroesé se'õagûama mombegûaba,A mirra de polpa era o anúncio de sua futura morte pela gente,Too suí mirra moroesé já estava muito longe
y-syryka,água corrente,Y-syryka
Kûarasy oporomo'y'useîeté,O sol faz as pessoas terem muita sede,A doença é muito dolorosa
Oroîopynekûab,Desencontramo-nos,Orídoacúmbulo
O emitymbûerypy pupé Tupã potá-me'engano,Dar também o quinhão de Deus naquilo que plantou primeiro,Emitiu-se a primeira pupé do deus potá-meengano
"Nd'ei te'e, o py'a pupé oîemongetá-ngetábo, Tupã momburukatûabo","Por isso mesmo é que, em seus corações ficando a refletir, desafiam muito a Deus","Não sei, não tenho dúvidas, não tenho dúvidas, não tenho dúvidas"
"A'epe kunhãmuku repenhana, i potasápe","Ali atacando as moças, por desejá-las","Eu disse-lhe que o dia de manhã você se apaixonaria, em sua casa"
T'i rekó-katu îandébe,"Tratemo-los bem, junto de nós",T'i-kokou pode estar em sua casa
kunhataĩ-a'uba,rapariga,Coisa-cabeça
Aroŷrõ xe rekopûera,Detesto minha lei antiga,Espero que o trânsito seja bom
Nd'a'é te'e nde ratãngatu resé gûiîekoka,Por isso mesmo em tua grande força apóio-me,Não vou dizer que a tua inteligência não vai embora
Tupã reroîypa ybaka suí,Fazendo Deus descer consigo do céu,Deus esqueceu o Ybaka suí
"Xe moaîu-marangatu, xe moŷrõ-etekatûabo, aîpó tekó-pysasu","Importuna-me bem, irritando-me muitíssimo, aquela lei nova","Ex-marido, ex-marido, ex-marido, ex-marido"
Sekoaba'e kûé kunhã oré akanga i apiti,O que é comum é aquela mulher esmagar nossas cabeças,Escolha-se a manhã com o ar de abiti
Pe îuká xe îara,Meu senhor vos mata,A chuva de xe se acendeu
Anhemba'e-nhang,Encaixotei-me as coisas,Anhemen'e-nhang
Paranãgûasu rasapa aîu,"Vim, atravessando o oceano",Paranaguasu rasapa sou eu
Xe îurubok,Eu estou fendido,É muito bom
"Putunusu porarábo, oroîkotebẽngatu","Suportando a grande noite, estamos muito aflitos","Putunusu porarábo, muito forte"
Eîotĩ nde kesaba xe porupi,Amarra tua rede de dormir ao lado de mim,Coloque a sua caixa no xe
Anhatimã-timanĩ,"Fico girando em círculos, fico rodeando",Anatinimã-timaní
"nde rapixara ku'a îubana, nde poropotá-pokyramamo","abraçando a cintura de teu companheiro, estimulando teu desejo sensual","sua rapixara pela pele é úbana, quando sua perfeição é curada"
Xe resá pupé-katu asepîak nde i mimagûera,Bem com os meus olhos vi que tu as escondeste,Xe vê pupé-pode agradecer a sua beleza
"Ixé sesé gûiporandupa, xe roka suí aîu","Eu, dele perguntando, vim da minha casa",A minha mãe me perguntou se é que a minha mãe estava com ela.
Oîpysó ybyraîoasaba 'arybo,Estiraram-no sobre a cruz,Permaneceram as margens de 'arybo'
Ikoba'e resé tekoara oîaby-eté tekó,Os que vivem para isso transgridem muito a lei,Ele disse que a natureza é muito boa para a vida
Oré raûsubá îepé oré rekobé pukuî,Tem tu compaixão de nós durante nossa vida,Temos uma longa carreira
yekûabusu,riacho,espetáculo
Aîmongûy-pab,Gastei-o totalmente,Fiquei de pé-pab
Ekûãî îá reru,Vai para trazer um pouco dela,Curiosidade
I îukapyrûere'yma,O que não foi morto,O seu rosto é muito pesado
Eîotĩ nde kesaba xe porupi,Amarra tua rede de dormir ao longo de mim,Coloque a sua caixa no xe
pirûera,"pele esfolada, fora da carne",caçadores
Nd'e'i ipó xe re'õnama ranhẽ re'a,Minha morte não há de ser ainda,Ele não disse que o seu xe não vai parar antes de ir
Xe îurubó-bok,Eu estou fendido em diversas partes,Xe iurubó-bok
Atyabor,Estou na penúria,Atyabor
Xe aó-mondé-matueté,Eu estou ricamente vestido de roupas,Eu sou do mundo ao mundo
Aîpó e'i nhote i xupéne konipó abaré supé i mombe'uû i akakapagûama reséne,Isso dirá somente a ele ou contará ao padre para que o repreenda,Eu posso dizer que eu quero que você saiba o que eu quero que você saiba sobre o que eu quero que você saiba
Pedro aé emonã xe moingó-ukar,O próprio Pedro mandou-me fazer proceder assim,Pedro aé admite xe moingó-ukar
Tupana kuapa,conhecendo a Deus,Capa de Deus
Xe sym,Eu estou liso,É muito bom
"Moropotara semipokuabe'yma, arũaíba, tekó-poxy anga Îandé Îara îandé 'angyme îandé ogûar'iré ybŷá potara oîmoaruab","O desejo sensual tornado costumeiro, a janotice, o vício, isso Nosso Senhor, após o recebermos nós em nossa alma, impede de se querer","Moropotara semipobreza, aruvábia, caráter-poxy face Îandé Îaraê îandé 'em espírito îandé'"
O irũ n'oîamotari,A seus próprios companheiros não querem bem,Amigos não têm namorados
Iesu toryberekoara,"Jesus, guardião da alegria",Jesus toryberekoara
Xe akymaíb,Eu estou úmido,Eu já estou
Ybyrá angapeẽamẽ,Madeira é o que falta,Limpeza dos pecados
Abá nhe'engûerape aîpó?,Palavras de quem são aquelas?,O que é que eu posso fazer?
O emimomoxypûera o mũetéramo sekó kuakupa,Escondendo ser sua parente verdadeira a que ele perverteu,O emimomoxypüera ou muetêo seco kuakupa
Aîybõ-mbá,Flechei-os todos,Eu sou de todo o mundo
Oú tubixá-katu mamõ suí nde reká,Veio um grande chefe de longe para te procurar,Vêm tubixá-katu mamão suí para você
y-mombîasaba,"instrumento de desvio de água, sangradouro",Y-mobbyasaba
Turagûera moetesabamo kó 'ara îamoeté,"Como modo de honrar sua vinda, este dia honramos",Turagûera deve recorrer a esta 'era'
Eîmoîar ybyraîoasaba resé,Prega-o na cruz,Coloque-se na margem do rio
Turusu-pyryb,É algum tanto grande,Turusu-pyryb
abaré nhe'ẽnhe'enga renduba,ouvir o sermão do padre,Abaré não olha para a luz
"O 'anga renõîndara abé o îuraragûaîamo nhẽ, marãpe?","E mentindo também aquele que invoca sua alma, que acontece?","O 'imagem' não é que o abé ou o uraragüo seja o mesmo, não é?"
"Saraûaîa rur'iré, îamombá taba îandune","Após vir Sarauaia, destruiremos a aldeia, como de costume","Na manhã desta quinta-feira, a cidade de Saraaí, na região do Rio Grande do Sul, foi atingida pela chuva do tabaco."
T'oîporeaûsuberekó îudeus,Que se compadeçam dele os judeus,Substituição dos judeus
Aîporará temõ Tupã resé mba'easy katupabẽ mã!,"Ah, oxalá eu sofresse por Deus muitíssimos infortúnios!",Vou curar todas as dores de Deus!
"I porang kó tupãoka, îegûakabetá rerupa!","É bonita esta igreja, tendo muitos adornos!",Pergunto-me se essa divindade é boa para você!
Itaîuba repyramo aîme'eng,Dei-o a troco de dinheiro,Preço de Itaíuba
"Nde remimimbûera, anhẽ, umãmepe nde mondá?","O que tu escondeste, na verdade, onde tu roubaste?","O que é que você está fazendo, sim, quando você é roubado?"
-Marãpe ereîkó kaûĩ suí esabeypó? Ereîkomemûãpe a'ereme?,"Como ages embriagando-te de cauim? Fazes o que não deves, então?",- Será que você vai dizer ao meu pai que eu vou ficar com você?
Sakã resé i îepokoki,Ela embarrou nos seus ramos,Sacana resé em seu carrinho
ka'a-pa'ũ,"ilha de mato em meio a um descampado, CAPÃO",grão-doce
"Îori, esenõî angá kûeîbo nde remimoaûîé","Vem, nomeia os que tu derrotas por aí","Îori, esse é o pecado da tua visão"
T'i îerobîar apó abá ri,Confiemos nesses homens,T'i irobíar apó abá ri
Eresepy-mondykype marãtekó repyramo?,Fizeste chegar o pagamento como retribuição de um trabalho?,Em luz-luz quando o preço da liberdade sobe?
tobá pinima,sardas do rosto,tobá pinima
xe ra'ysé,os parentes de minha mulher,filho do xe
Oîepé xe pysá pora,Um só é o conteúdo de minha rede,Qualquer que seja a sua preferência
Onhemoangaîpabeté serã apŷaba o îeapyká-eté roîré?,Porventura fizeram-se muito maus os homens após se multiplicarem?,Será que o problema é que estamos muito próximos?
Eresabeyporype kaûĩ suí 'ara mokanhema?,"Ficaste bêbado de cauim, perdendo o juízo?",Eresabeyypypé na floresta suí 'ara há dois anos?
Té ahẽ serasóbo ko'yté,Finalmente ele a levou,Terei que ir a serasóbo de manhã
Akûeîme apytá memẽ nde pyri,Antigamente eu ficava sempre junto de ti,"Em todos os dias, eu vou abraçar os seus pés"
Mokõînhõ kó taba pupé sekóû,Poucos moram nesta aldeia,Ambos os tábuas são pintadas
Oroîurusu,Viemos muitos,Orífero
Osó xe renondé,Foi à frente de mim,Ele foi à frente do xe
umã suí?,de onde? donde?,o suíço?
Oîkuapá-me'eng umûãpe Îudas Îandé Îara îudeus supé erimba'e?,Já tinha dado Judas aos judeus o meio de reconhecer Nosso Senhor?,Será que há algum tipo de conexão entre o nome de Îudas Îandé e o nome de Îara Îudeus supê erume?
Aîmboyî,Acalentei-a,Eu me afastei
nhandu'i-kesaba,teia de aranha,nhanduí-kesaba
Oîoybari orogûar,Tomamo-lo de ombro a ombro,O que se passa é que não há nada a ver.
Xe amandab,Eu sou redondo,Xe amandab
Kó tabygûara xe pó gûyrybo sekóû,Estes habitantes da aldeia sob minhas mãos estavam,Esta praça é de mãos dadas
Aopyranga îu abé ogûerur,Vinha com púrpura e espinhos,Pessoas com problemas de saúde
O îoybyri aîmoín,Prendi-os um ao lado do outro,Ele gritou em mim
ikatupe nde moĩndara,o que te põe a nu,talvez você não esteja
Ara i 'aragûera pîasaba pupé tatá i apyrasabapé 'îaba îaîmondyk,"No dia de guarda do nascimento dele, acendemos a fogueira chamada ""caminho do salto""",Durante a 'aragûera pîasaba pupé fogo e a 'prirasaba' já havia um mundo próximo
i apytera,o miolo dele,seu círculo
T'oú oré moorypa,Que venha para nos fazer felizes,Você vai nos dizer se está dormindo
Marã e'îara,As que dizem coisas más,Maranhão
Asy-syî,Fiquei estremecendo,Sangue-frio
Abá angaîpá-nhemima i kuapare'yma supé mombegûabo,Contando os pecados escondidos de alguém para quem não os conhece,Abá angaipá-nhemima e seu solé supé distante
Aîapó minga'u,Faço mingau,Eu não comei
"""Osó ipó re'a"" a'é",Presumo que ele deve ter ido,"""Você vai dar um banho"" eu disse"
"A'ereme karaibebé ruri, te'õmbûera renõîa, mimbygûasu pŷabo","Então os anjos virão, chamando os mortos, tocando trombetas","Eu quero um homem pequeno no meio da noite, de todos os rostos, de todas as luzes"
y-katu,"águas tranquilas, bonança",água potável
I pytũ-pytun 'ara,O dia está muito escuro,Sua escuridão escura
Turusueté - Ele é maior I porangeté,Ele é mais bonito,Torusueté - Ele é maior E a beleza
Nyn-nyng a'é,Estou a latejar,Nyn-nyng eu sou
Kó nhõ anosẽ îepé moxy suí,"Na verdade, somente estas retirei dos malditos",Esta vez eu vou chorar por ela moxy suí
Oîopobaî aîar,Tomei-o com ambas as mãos,Eu estava a brincar
A'ereme îasytatá o apakuîamo,Então as estrelas cairão completamente,Gostaria que continuasse
Osekyî kunhã maîé Karûara,Invocam as mulheres o pajé Caruara,Relâmpago da manhã
I abaí xebo sa'anga,É difícil para mim tentá-los,Eu abaixo a imagem do xebo
seremirekoe'õba'e,"o que é viúvo, o viúvo",quando eu me casaria
Xe pungá,Eu estou inchado,É muito bom
anhẽ ruãp'anhẽ,"mas, de verdade",eu olho para o roupão
Abá rokype erekûá?,Na casa de quem passaste?,Em que árvores você vai beber?
Aîkó,"Eis-me aqui, eis que aqui estou",Eu estava
Tera'ute oú,"Ah, se viesse!",Tem'ute virá
Xe resaraîpotar,Eu sou esquecidiço,É muito brilhante
"Pe ramỹîa pabẽ rakó îase'o rerekóû, îemoingeabo","Vossos avós todos com pranto estavam, recolhendo-se",A pavilhão de palhaço de palhaço de palhaço de palhaço
ikó-te,este outro,Ele só dormia
Abápe aîpoba'e oîaby?,Quem aquele transgride?,Onde é que eu vou estar?
"Asé aîpó i me'engymbyra supé ""Tupã potaba"" i 'éû?","A gente diz ""quinhão de Deus"" para aquilo que é dado?","Será que eu tenho a minha filha supé ""Tudo Potaba""?"
Te'yîpe memẽ nhẽ ixé aporombo'e,Sempre eu ensinei publicamente as pessoas,Teyyyyyyyyyyyyyyyyyyyyyyyyyyyyyyyyyyyyyyyyyyyyyyyyyyyyyyyyyyyyyyyyyyyyyyyyyyyyyyyyyyyyyyyyyyyyyyyyyyyyyyyyyyyyyyyyyyyyyyyyyy
Tupã-eté rerobîara îaîporaká xe ybỹîa,A crença no Deus verdadeiro encheu meu interior,Deus nos abençoa por um bom trânsito
Aîopoî ahẽ so'o pupé,Reparti com ele a carne,Eu me levantei para comer carne de cachorro
O îoasykûera ri îasûaramo i îogûerekóû,Eles se tratam uns aos outros como semelhantes por causa de sua irmandade,Ele se apaixonou por sua mãe
Aîkó-angaîpab,Ajo velhacamente,Eu tenho-me enganado
A'e ipó oîmoarybé-ukar xe suí,"Ele, certamente, faz tirar-lhe o efeito de mim",Eu disse-lhe que havia um carrinho-carrinho xe suí
-Oîerokype asé Cruz supé? -Oîeroky -A gente se inclina junto à cruz?,Inclina-se,-A gente se inclina junto à cruz?
Tieté kó angaîpaba maniîabo mã! Tieté kó ahẽ maniîabomã!,"Ah, que mau é o pecado! Que mau que é fulano!",Que grande erro esse maniiabom!
Asó xe ruba rapépe,Vou ao caminho de meu pai,Caminho em direção à rua
Xe ate'ẽ,Manquejo,Eu sei
"Ereîkuakupe nde angaîpaba amõ abaré suí, senotĩamo nhẽ?","Escondeste algum pecado teu do padre, envergonhando-te dele?","Você pode dizer que você foi enganado por um abere suí, se você é santo?"
Osapirõ-n'asé og uba o sy kanhemagûera,Há de prantear a gente o desaparecimento de seu pai e de sua mãe,Ele quer-não og uba ou mãe kanemagûera
Na xe raûsupeî,Não por me amar,Na xe raúspé
abá-tekokuabe'ymusu,"homem parvoeirão, ignorantão",abá-téckobeyşusu
"Ogûerasó amõ okusupe seroîkŷabo, a'epe maranaritekoaratã reŷnhanga sesé","Levaram-no para um certo palácio, fazendo-o entrar, reunindo soldados fortes ali por sua causa","Ele gritou ao meu rosto serébico, disse-lhe que o maranaritekuara não é um crime"
aani xûé ko'yténe,nunca mais,Eu andei de manhã
Nd'e'ikatu angáî-tepe asé abá rekó-nhemima mombegûabo?,"Mas não pode a gente, de modo nenhum, contar o procedimento oculto de alguém?",Não é possível dizer a um pecador que a vida do abade está longe?
Santa Maria o membyrá-kakara omo'ã-mo'ang,Santa Maria está pensando na aproximação de seu parto,Santa Maria ou bebê-cabeça reproduzido
pó-ky'a,fibras sujas,Mão-flor
Mamõ serã xe sóûne?,Para onde será que eu irei?,Quem é que vai ficar sozinho?
Eîmoting nde rekopûera!,Enjoa-te de teu velho modo de ser!,Emoting a sua perfeita!
Xe rekombegûé,Eu sou molengão,Excursão aérea
Xe pópe arekó-katu,Em minhas mãos bem os tenho,Na minha mão tenho o que posso fazer
Xe ro'o-piring,Tenho a carne arrepiada,Xe roo-piring
nhemosaraîxûera,"gozador, brincalhão, zombeteiro",desembaraçados
Apŷaba eresepenhãne,Os índios atacarás,Se você quisesse
metarapûá,pedra de beiço pontuda,à frente
"I xupé ogûeru îetanongabamo itaîuba, ysykatã syapûãba'e, mirra","Para ele trouxeram, como oferendas, ouro, resina dura que recende e mirra","O sufocante foi atingido por uma árvore, uma árvore, uma mirra."
"Nde morerekoar xe ri, nde pó gûyrype xe nonga","Sê tu guardião de mim, sob tuas mãos colocando-me","Você tem xe ri, em sua mão direita xe nonga"
Tamũîa omombab erimba'e,Destruiu outrora os tamoios,Crianças acreditam em seus filhos
"Anhandu beémo erimba'e angûama mã, pe 'erama purûabo!","Ah, se eu tivesse percebido outrora isso, praticando o que dizíeis!","Eu sinto que se vocês estão calados, a 'merama purúba!"
O mba'e-katupabẽ îarama,Futuro senhor de suas muitíssimas riquezas,O que quer que possa amar
N'oîeruré-pytubari Tupã supé ogûenosemarûera resé,Não se cansam de pedir a Deus pelos que os resgataram,Não há necessidade de Deus submeter-se a nós
Aîmomara'ar,Faço-o doente,Eu tenho vergonha
"A'epe o mena koîpó o emirekó mũetéramo sekó mombe'ue'yma, marã?","E não confessando ser parente, de fato, de seu marido ou de sua esposa, que acontece?","Perguntei-lhe se a minha mãe agora é um emirado que tem um pouco de história, não é?"
Na xe poropoûsubi,Eu não sou medroso,Na xe poropoûsubi
"Serapûan kó mosakara, i kaûĩgûasuba'e","São famosos esses moçacaras, que são uns beberrões","Serapûan é mosakara, é uma floresta"
O tupãnamo ta xe rerekó,Que me tratem como a seu próprio deus,Se Deus te abençoe
Tenhẽngatupabẽ osykyî i xupé,Muitíssimas lorotas invocaram contra ele,O primeiro-ministro da cidade de São Paulo
"Peîori, perasó muru, supi îandé ratápe sapeka, i monga'ẽmo","Vinde, levai os malditos, erguendo-os para sapecá-los em nosso fogo, moqueando-os","Peíori, perasó muru, supi îandé em ratá sapeka, será maduro"
okarype,"fora, na rua",em chamas
"oporomoaîu oîkóbo, oporomotekokuabe'yma","Está molestando as pessoas, fazendo-as cair em erro","Ele acrescentou que, se houver, não haverá."
"Oú tenhẽ xe pe'abo ""abaré"" 'îaba","Vêm em vão para me afastar os ditos ""padres""","Começa a cantar ""abaré"" 'iba'"
"Nde pópe ogûapyka, osó kunumĩ","Em tuas mãos sentando-se, vai o menino","Em suas mãos está sentado, vai para a frente"
Marãpe xe ri erepûá?,Por que bates em mim?,Em que país é que você está viajando?
Îandé aíba t'oîpe'a,Que afaste nossa maldade,É a primeira vez que abrimos
N'osaûsubaripe Tupã amõ abá îeapykaba'erama resé?,Não se compadeceu Deus de alguém por causa dos que descenderiam ?,Não esperamos que Deus esteja sempre presente?
Aporoîuká,Mato gente,O que eu faço
Mba'epe te'õ?,Que é a morte?,Em que sentido?
Xe abá-aîbĩ anhẽ,"Eu sou um mísero índio, de fato",Xe abá-aibá meu
Apore'ym,Dou de beber às pessoas,Meu irmão
membyre'yma,"a sem-filhos, a fêmea estéril",minha filha
T'oîese'ar-y berame'ĩ oîepekaturamo,Que pareçam juntar-se como um só,Precisa-se de um banho de água quando estiverem na maturação
Oré py'a-pyk,Oprime-nos o coração,Tem pernas fechadas
Mba'e-memûãngatupabẽ resé i îekosubyne,Muitíssimas coisas más eles acharão,Histórias sobre a existência do mundo
Asembe'y-kytĩ,Aparei-o,Eu sinto-me bem
Xe 'é îasûaramo n'aé,Como se eu dissesse,"Se estiver bem, não vai"
"Opor-oporĩ, Îesu o îarĩ kuapa aûnhenhẽ","Ficou saltando, reconhecendo imediatamente Jesus, seu senhorzinho","Bem-vindo, Jesus ou existem pessoas em que eu estou"
Xe abá niã ixé,Eis que eu sou homem,Xe abá niã ixé
"Ave Maria, graça resé tynysemba'e","Ave Maria, a que está cheia de graça","Ave Maria, graça seja contigo"
Paranã rupi agûatá,Segui pelo mar 'Y rupi agûatá - Andei pelo rio,Por causa do Paraná aguatá
Aîpó tera xe arõana,Esse nome é o que me convém,Eu estou no chão por um dia
xe ruba xe monhangara,"meu pai, o que me gerou",xe ruba xe monhangara
Tupã sy opabenhẽ mba'e oîkuab oîkóbo,A mãe de Deus está sabendo todas as coisas,Mãe de Deus dá tudo o que pode ser
kaûĩ xe renotara,o cauim que é preparado para meu recebimento,floresta xe renotara
I angaturama nhẽ oîrumõ-rumõ,Fica aumentando sua bondade,Sua angaturama está no meio do rio
Esendu,Ouve,Ouçam
Xe abé iî ybõmbyrûera Bastião xe moaûîé N'i tybi xe abaetepûera,A mim também o flechado Bastião derrotou-me Não existe mais minha antiga bravura,Xe abé na praia de Bastião xe moaûîé Ní tybi xe abaetê perpétua
Xe rypab,Eu seco,Xe rypab
-Nde regûyrõpe nde agûasá resé?,Tu tiveste excitação com teu amante?,"- Para o seu lado, você gostaria de agradecer?"
Nde resé memẽ oroîkó,Contigo sempre estou,A tua boca vai chorar
Îori anhanga mondyîa,Vem para espantar o diabo,Îori anhanga mondyîa
Oîoapyri oroîkó itá resé,Estamos nos ferros ao pescoço um do outro,Mais de um milhão de quilômetros de terra
Iîabaíbeté nhẽ rakó asé atá mysakanga,"São muito molestos, certamente, os tropeços de nossa caminhada",Há uma pequena quantidade de milhares de milhares de pessoas
"Opá xe uba îesyî, oîemoatãmo","Ambas as minhas coxas tremem, endurecendo","Todos os xe uba îesyî, estão em pé"
Nde resá-poropotápe amõ resé ema'ẽmo?,"Tu tens olhos concupiscentes, olhando para alguém?","Em seus olhos, onde é que eu vou olhar?"
Pytunusupe émo i xóûmo,Para uma grande escuridão é que iriam,Na escuridão nós somos profundos
A'e ipó Tupã n'omoangaturami,"Esses, na verdade, não honram a Deus",Eu disse que Deus não vai adorá-lo
Asó nhẽ,Vou por ir,O meu coração está calado
"kûesé-té'ĩ, kûesé-té'ĩ-mbyryb, kûesé-té'ĩbé, kûesé-bé'ĩ, kûesé-pyryb","há bem pouco tempo, agora há pouco, agorinha mesmo","Cão-de-bico, cão-de-bico, cão-de-bico, cão-de-bico"
Tupã oîmonhyrõ o îoupé setá nhẽ seîxutatá tekoangaîpaba repy-mondykápe,"Fazem aplacar a Deus a si mesmos, ao eliminarem a dívida dos pecados de muitos anos","Se Deus estiver presente ou estiver presente, seqüestrará o preço do crime no mundo"
Anhopan,Aparei-o,Anhopan
nhũasyma,campo limpo,ficaram doentes
Sugûy turusu,Seu sangue era muito,Torus de suuguy
momorandupara,"o que informa, o que avisa",Evangelho
"I aysó, nipó, îasy, og obagûasu reru","É formosa, certamente, a lua, vindo com sua grande face","Eu chorei, meu neto, chorei, chorei, chorei"
Aporokuaukar,Delato gente,Eu trabalhei
"Nama'eruã oîmonhang asé 'angamo, o nhe'enga pupé é i monhangi","Do nada fez nossa alma, com sua palavra é que ele a fez","Não há dúvida de que existem 'sangues', mas não há dúvida de que é um monhangi"
"Aûîé! Anhe'eng, Saraûaî!","Basta! Falo eu, Sarauaia!","Eu vou! Eu vou, Saraúaí!"
Eîmondeb itangapema surupe,Põe a espada na bainha dela,Eimóndeb seu povo no surro
Mba'epoxy koty onhe'engaíbamo,Dizendo palavras más acerca de coisas nojentas,Câmara espontânea
